109,1,Nangang,7:20
109,1,Taipei,7:31
109,1,Banqiao,7:39
109,1,Taichung,8:20
109,1,Zuoying,9:05
109,2,Nangang,7:20
109,2,Taipei,7:31
109,2,Banqiao,7:39
109,2,Taichung,8:20
109,2,Zuoying,9:05
109,3,Nangang,7:20
109,3,Taipei,7:31
109,3,Banqiao,7:39
109,3,Taichung,8:20
109,3,Zuoying,9:05
109,4,Nangang,7:20
109,4,Taipei,7:31
109,4,Banqiao,7:39
109,4,Taichung,8:20
109,4,Zuoying,9:05
109,5,Nangang,7:20
109,5,Taipei,7:31
109,5,Banqiao,7:39
109,5,Taichung,8:20
109,5,Zuoying,9:05
109,6,Nangang,7:20
109,6,Taipei,7:31
109,6,Banqiao,7:39
109,6,Taichung,8:20
109,6,Zuoying,9:05
109,7,Nangang,7:20
109,7,Taipei,7:31
109,7,Banqiao,7:39
109,7,Taichung,8:20
109,7,Zuoying,9:05
113,1,Nangang,8:20
113,1,Taipei,8:31
113,1,Banqiao,8:39
113,1,Taichung,9:20
113,1,Zuoying,10:05
113,2,Nangang,8:20
113,2,Taipei,8:31
113,2,Banqiao,8:39
113,2,Taichung,9:20
113,2,Zuoying,10:05
113,3,Nangang,8:20
113,3,Taipei,8:31
113,3,Banqiao,8:39
113,3,Taichung,9:20
113,3,Zuoying,10:05
113,4,Nangang,8:20
113,4,Taipei,8:31
113,4,Banqiao,8:39
113,4,Taichung,9:20
113,4,Zuoying,10:05
113,5,Nangang,8:20
113,5,Taipei,8:31
113,5,Banqiao,8:39
113,5,Taichung,9:20
113,5,Zuoying,10:05
113,6,Nangang,8:20
113,6,Taipei,8:31
113,6,Banqiao,8:39
113,6,Taichung,9:20
113,6,Zuoying,10:05
113,7,Nangang,8:20
113,7,Taipei,8:31
113,7,Banqiao,8:39
113,7,Taichung,9:20
113,7,Zuoying,10:05
117,1,Nangang,9:20
117,1,Taipei,9:31
117,1,Banqiao,9:39
117,1,Taichung,10:20
117,1,Zuoying,11:05
117,2,Nangang,9:20
117,2,Taipei,9:31
117,2,Banqiao,9:39
117,2,Taichung,10:20
117,2,Zuoying,11:05
117,3,Nangang,9:20
117,3,Taipei,9:31
117,3,Banqiao,9:39
117,3,Taichung,10:20
117,3,Zuoying,11:05
117,4,Nangang,9:20
117,4,Taipei,9:31
117,4,Banqiao,9:39
117,4,Taichung,10:20
117,4,Zuoying,11:05
117,5,Nangang,9:20
117,5,Taipei,9:31
117,5,Banqiao,9:39
117,5,Taichung,10:20
117,5,Zuoying,11:05
121,1,Nangang,10:20
121,1,Taipei,10:31
121,1,Banqiao,10:39
121,1,Taichung,11:20
121,1,Zuoying,12:05
121,3,Nangang,10:20
121,3,Taipei,10:31
121,3,Banqiao,10:39
121,3,Taichung,11:20
121,3,Zuoying,12:05
121,5,Nangang,10:20
121,5,Taipei,10:31
121,5,Banqiao,10:39
121,5,Taichung,11:20
121,5,Zuoying,12:05
121,7,Nangang,10:20
121,7,Taipei,10:31
121,7,Banqiao,10:39
121,7,Taichung,11:20
121,7,Zuoying,12:05
125,1,Nangang,11:20
125,1,Taipei,11:31
125,1,Banqiao,11:39
125,1,Taichung,12:20
125,1,Zuoying,13:05
125,2,Nangang,11:20
125,2,Taipei,11:31
125,2,Banqiao,11:39
125,2,Taichung,12:20
125,2,Zuoying,13:05
125,5,Nangang,11:20
125,5,Taipei,11:31
125,5,Banqiao,11:39
125,5,Taichung,12:20
125,5,Zuoying,13:05
125,6,Nangang,11:20
125,6,Taipei,11:31
125,6,Banqiao,11:39
125,6,Taichung,12:20
125,6,Zuoying,13:05
125,7,Nangang,11:20
125,7,Taipei,11:31
125,7,Banqiao,11:39
125,7,Taichung,12:20
125,7,Zuoying,13:05
129,1,Nangang,12:20
129,1,Taipei,12:31
129,1,Banqiao,12:39
129,1,Taichung,13:20
129,1,Zuoying,14:05
129,4,Nangang,12:20
129,4,Taipei,12:31
129,4,Banqiao,12:39
129,4,Taichung,13:20
129,4,Zuoying,14:05
129,6,Nangang,12:20
129,6,Taipei,12:31
129,6,Banqiao,12:39
129,6,Taichung,13:20
129,6,Zuoying,14:05
129,7,Nangang,12:20
129,7,Taipei,12:31
129,7,Banqiao,12:39
129,7,Taichung,13:20
129,7,Zuoying,14:05
133,1,Nangang,13:20
133,1,Taipei,13:31
133,1,Banqiao,13:39
133,1,Taichung,14:20
133,1,Zuoying,15:05
133,2,Nangang,13:20
133,2,Taipei,13:31
133,2,Banqiao,13:39
133,2,Taichung,14:20
133,2,Zuoying,15:05
133,4,Nangang,13:20
133,4,Taipei,13:31
133,4,Banqiao,13:39
133,4,Taichung,14:20
133,4,Zuoying,15:05
133,5,Nangang,13:20
133,5,Taipei,13:31
133,5,Banqiao,13:39
133,5,Taichung,14:20
133,5,Zuoying,15:05
133,6,Nangang,13:20
133,6,Taipei,13:31
133,6,Banqiao,13:39
133,6,Taichung,14:20
133,6,Zuoying,15:05
133,7,Nangang,13:20
133,7,Taipei,13:31
133,7,Banqiao,13:39
133,7,Taichung,14:20
133,7,Zuoying,15:05
137,1,Nangang,14:20
137,1,Taipei,14:31
137,1,Banqiao,14:39
137,1,Taichung,15:20
137,1,Zuoying,16:05
137,2,Nangang,14:20
137,2,Taipei,14:31
137,2,Banqiao,14:39
137,2,Taichung,15:20
137,2,Zuoying,16:05
137,3,Nangang,14:20
137,3,Taipei,14:31
137,3,Banqiao,14:39
137,3,Taichung,15:20
137,3,Zuoying,16:05
137,4,Nangang,14:20
137,4,Taipei,14:31
137,4,Banqiao,14:39
137,4,Taichung,15:20
137,4,Zuoying,16:05
137,5,Nangang,14:20
137,5,Taipei,14:31
137,5,Banqiao,14:39
137,5,Taichung,15:20
137,5,Zuoying,16:05
137,6,Nangang,14:20
137,6,Taipei,14:31
137,6,Banqiao,14:39
137,6,Taichung,15:20
137,6,Zuoying,16:05
137,7,Nangang,14:20
137,7,Taipei,14:31
137,7,Banqiao,14:39
137,7,Taichung,15:20
137,7,Zuoying,16:05
141,1,Nangang,15:20
141,1,Taipei,15:31
141,1,Banqiao,15:39
141,1,Taichung,16:20
141,1,Zuoying,17:05
141,2,Nangang,15:20
141,2,Taipei,15:31
141,2,Banqiao,15:39
141,2,Taichung,16:20
141,2,Zuoying,17:05
141,3,Nangang,15:20
141,3,Taipei,15:31
141,3,Banqiao,15:39
141,3,Taichung,16:20
141,3,Zuoying,17:05
141,4,Nangang,15:20
141,4,Taipei,15:31
141,4,Banqiao,15:39
141,4,Taichung,16:20
141,4,Zuoying,17:05
141,5,Nangang,15:20
141,5,Taipei,15:31
141,5,Banqiao,15:39
141,5,Taichung,16:20
141,5,Zuoying,17:05
145,1,Nangang,16:20
145,1,Taipei,16:31
145,1,Banqiao,16:39
145,1,Taichung,17:20
145,1,Zuoying,18:05
145,2,Nangang,16:20
145,2,Taipei,16:31
145,2,Banqiao,16:39
145,2,Taichung,17:20
145,2,Zuoying,18:05
145,3,Nangang,16:20
145,3,Taipei,16:31
145,3,Banqiao,16:39
145,3,Taichung,17:20
145,3,Zuoying,18:05
145,4,Nangang,16:20
145,4,Taipei,16:31
145,4,Banqiao,16:39
145,4,Taichung,17:20
145,4,Zuoying,18:05
145,5,Nangang,16:20
145,5,Taipei,16:31
145,5,Banqiao,16:39
145,5,Taichung,17:20
145,5,Zuoying,18:05
149,1,Nangang,17:20
149,1,Taipei,17:31
149,1,Banqiao,17:39
149,1,Taichung,18:20
149,1,Zuoying,19:05
149,2,Nangang,17:20
149,2,Taipei,17:31
149,2,Banqiao,17:39
149,2,Taichung,18:20
149,2,Zuoying,19:05
149,4,Nangang,17:20
149,4,Taipei,17:31
149,4,Banqiao,17:39
149,4,Taichung,18:20
149,4,Zuoying,19:05
149,5,Nangang,17:20
149,5,Taipei,17:31
149,5,Banqiao,17:39
149,5,Taichung,18:20
149,5,Zuoying,19:05
149,6,Nangang,17:20
149,6,Taipei,17:31
149,6,Banqiao,17:39
149,6,Taichung,18:20
149,6,Zuoying,19:05
149,7,Nangang,17:20
149,7,Taipei,17:31
149,7,Banqiao,17:39
149,7,Taichung,18:20
149,7,Zuoying,19:05
153,1,Nangang,18:20
153,1,Taipei,18:31
153,1,Banqiao,18:39
153,1,Taichung,19:20
153,1,Zuoying,20:05
153,3,Nangang,18:20
153,3,Taipei,18:31
153,3,Banqiao,18:39
153,3,Taichung,19:20
153,3,Zuoying,20:05
153,5,Nangang,18:20
153,5,Taipei,18:31
153,5,Banqiao,18:39
153,5,Taichung,19:20
153,5,Zuoying,20:05
157,6,Nangang,19:20
157,6,Taipei,19:31
157,6,Banqiao,19:39
157,6,Taichung,20:20
157,6,Zuoying,21:05
157,7,Nangang,19:20
157,7,Taipei,19:31
157,7,Banqiao,19:39
157,7,Taichung,20:20
157,7,Zuoying,21:05
161,6,Nangang,20:20
161,6,Taipei,20:31
161,6,Banqiao,20:39
161,6,Taichung,21:20
161,6,Zuoying,22:05
161,7,Nangang,20:20
161,7,Taipei,20:31
161,7,Banqiao,20:39
161,7,Taichung,21:20
161,7,Zuoying,22:05
165,5,Nangang,21:20
165,5,Taipei,21:31
165,5,Banqiao,21:39
165,5,Taichung,22:20
165,5,Zuoying,23:05
165,6,Nangang,21:20
165,6,Taipei,21:31
165,6,Banqiao,21:39
165,6,Taichung,22:20
165,6,Zuoying,23:05
165,7,Nangang,21:20
165,7,Taipei,21:31
165,7,Banqiao,21:39
165,7,Taichung,22:20
165,7,Zuoying,23:05
203,1,Taipei,6:30
203,1,Banqiao,6:38
203,1,Taichung,7:20
203,1,Chiayi,7:45
203,1,Tainan,8:03
203,1,Zuoying,8:15
203,2,Taipei,6:30
203,2,Banqiao,6:38
203,2,Taichung,7:20
203,2,Chiayi,7:45
203,2,Tainan,8:03
203,2,Zuoying,8:15
203,3,Taipei,6:30
203,3,Banqiao,6:38
203,3,Taichung,7:20
203,3,Chiayi,7:45
203,3,Tainan,8:03
203,3,Zuoying,8:15
203,4,Taipei,6:30
203,4,Banqiao,6:38
203,4,Taichung,7:20
203,4,Chiayi,7:45
203,4,Tainan,8:03
203,4,Zuoying,8:15
203,5,Taipei,6:30
203,5,Banqiao,6:38
203,5,Taichung,7:20
203,5,Chiayi,7:45
203,5,Tainan,8:03
203,5,Zuoying,8:15
203,6,Taipei,6:30
203,6,Banqiao,6:38
203,6,Taichung,7:20
203,6,Chiayi,7:45
203,6,Tainan,8:03
203,6,Zuoying,8:15
203,7,Taipei,6:30
203,7,Banqiao,6:38
203,7,Taichung,7:20
203,7,Chiayi,7:45
203,7,Tainan,8:03
203,7,Zuoying,8:15
205,1,Nangang,7:40
205,1,Taipei,7:51
205,1,Banqiao,7:59
205,1,Taichung,8:40
205,1,Tainan,9:18
205,1,Zuoying,9:30
205,2,Nangang,7:40
205,2,Taipei,7:51
205,2,Banqiao,7:59
205,2,Taichung,8:40
205,2,Tainan,9:18
205,2,Zuoying,9:30
205,3,Nangang,7:40
205,3,Taipei,7:51
205,3,Banqiao,7:59
205,3,Taichung,8:40
205,3,Tainan,9:18
205,3,Zuoying,9:30
205,4,Nangang,7:40
205,4,Taipei,7:51
205,4,Banqiao,7:59
205,4,Taichung,8:40
205,4,Tainan,9:18
205,4,Zuoying,9:30
205,5,Nangang,7:40
205,5,Taipei,7:51
205,5,Banqiao,7:59
205,5,Taichung,8:40
205,5,Tainan,9:18
205,5,Zuoying,9:30
205,6,Nangang,7:40
205,6,Taipei,7:51
205,6,Banqiao,7:59
205,6,Taichung,8:40
205,6,Tainan,9:18
205,6,Zuoying,9:30
205,7,Nangang,7:40
205,7,Taipei,7:51
205,7,Banqiao,7:59
205,7,Taichung,8:40
205,7,Tainan,9:18
205,7,Zuoying,9:30
249,1,Nangang,18:40
249,1,Taipei,18:51
249,1,Banqiao,18:59
249,1,Taichung,19:40
249,1,Tainan,20:18
249,1,Zuoying,20:30
249,2,Nangang,18:40
249,2,Taipei,18:51
249,2,Banqiao,18:59
249,2,Taichung,19:40
249,2,Tainan,20:18
249,2,Zuoying,20:30
249,3,Nangang,18:40
249,3,Taipei,18:51
249,3,Banqiao,18:59
249,3,Taichung,19:40
249,3,Tainan,20:18
249,3,Zuoying,20:30
249,4,Nangang,18:40
249,4,Taipei,18:51
249,4,Banqiao,18:59
249,4,Taichung,19:40
249,4,Tainan,20:18
249,4,Zuoying,20:30
249,5,Nangang,18:40
249,5,Taipei,18:51
249,5,Banqiao,18:59
249,5,Taichung,19:40
249,5,Tainan,20:18
249,5,Zuoying,20:30
295,1,Nangang,22:05
295,1,Taipei,22:16
295,1,Taoyuan,22:35
295,1,Taichung,23:07
295,1,Chiayi,23:30
295,1,Tainan,23:48
295,1,Zuoying,23:59
295,2,Nangang,22:05
295,2,Taipei,22:16
295,2,Taoyuan,22:35
295,2,Taichung,23:07
295,2,Chiayi,23:30
295,2,Tainan,23:48
295,2,Zuoying,23:59
295,3,Nangang,22:05
295,3,Taipei,22:16
295,3,Taoyuan,22:35
295,3,Taichung,23:07
295,3,Chiayi,23:30
295,3,Tainan,23:48
295,3,Zuoying,23:59
295,4,Nangang,22:05
295,4,Taipei,22:16
295,4,Taoyuan,22:35
295,4,Taichung,23:07
295,4,Chiayi,23:30
295,4,Tainan,23:48
295,4,Zuoying,23:59
295,5,Nangang,22:05
295,5,Taipei,22:16
295,5,Taoyuan,22:35
295,5,Taichung,23:07
295,5,Chiayi,23:30
295,5,Tainan,23:48
295,5,Zuoying,23:59
295,6,Nangang,22:05
295,6,Taipei,22:16
295,6,Taoyuan,22:35
295,6,Taichung,23:07
295,6,Chiayi,23:30
295,6,Tainan,23:48
295,6,Zuoying,23:59
295,7,Nangang,22:05
295,7,Taipei,22:16
295,7,Taoyuan,22:35
295,7,Taichung,23:07
295,7,Chiayi,23:30
295,7,Tainan,23:48
295,7,Zuoying,23:59
333,1,Nangang,21:45
333,1,Taipei,21:56
333,1,Taoyuan,22:15
333,1,Taichung,22:49
333,1,Changhua,23:01
333,1,Yunlin,23:12
333,1,Chiayi,23:24
333,1,Tainan,23:42
333,1,Zuoying,23:55
333,2,Nangang,21:45
333,2,Taipei,21:56
333,2,Taoyuan,22:15
333,2,Taichung,22:49
333,2,Changhua,23:01
333,2,Yunlin,23:12
333,2,Chiayi,23:24
333,2,Tainan,23:42
333,2,Zuoying,23:55
333,3,Nangang,21:45
333,3,Taipei,21:56
333,3,Taoyuan,22:15
333,3,Taichung,22:49
333,3,Changhua,23:01
333,3,Yunlin,23:12
333,3,Chiayi,23:24
333,3,Tainan,23:42
333,3,Zuoying,23:55
333,4,Nangang,21:45
333,4,Taipei,21:56
333,4,Taoyuan,22:15
333,4,Taichung,22:49
333,4,Changhua,23:01
333,4,Yunlin,23:12
333,4,Chiayi,23:24
333,4,Tainan,23:42
333,4,Zuoying,23:55
333,5,Nangang,21:45
333,5,Taipei,21:56
333,5,Taoyuan,22:15
333,5,Taichung,22:49
333,5,Changhua,23:01
333,5,Yunlin,23:12
333,5,Chiayi,23:24
333,5,Tainan,23:42
333,5,Zuoying,23:55
333,6,Nangang,21:45
333,6,Taipei,21:56
333,6,Taoyuan,22:15
333,6,Taichung,22:49
333,6,Changhua,23:01
333,6,Yunlin,23:12
333,6,Chiayi,23:24
333,6,Tainan,23:42
333,6,Zuoying,23:55
333,7,Nangang,21:45
333,7,Taipei,21:56
333,7,Taoyuan,22:15
333,7,Taichung,22:49
333,7,Changhua,23:01
333,7,Yunlin,23:12
333,7,Chiayi,23:24
333,7,Tainan,23:42
333,7,Zuoying,23:55
565,1,Nangang,22:15
565,1,Taipei,22:26
565,1,Banqiao,22:35
565,1,Taoyuan,22:48
565,1,Hsinchu,23:00
565,1,Miaoli,23:12
565,1,Taichung,23:29
565,2,Nangang,22:15
565,2,Taipei,22:26
565,2,Banqiao,22:35
565,2,Taoyuan,22:48
565,2,Hsinchu,23:00
565,2,Miaoli,23:12
565,2,Taichung,23:29
565,3,Nangang,22:15
565,3,Taipei,22:26
565,3,Banqiao,22:35
565,3,Taoyuan,22:48
565,3,Hsinchu,23:00
565,3,Miaoli,23:12
565,3,Taichung,23:29
565,4,Nangang,22:15
565,4,Taipei,22:26
565,4,Banqiao,22:35
565,4,Taoyuan,22:48
565,4,Hsinchu,23:00
565,4,Miaoli,23:12
565,4,Taichung,23:29
565,5,Nangang,22:15
565,5,Taipei,22:26
565,5,Banqiao,22:35
565,5,Taoyuan,22:48
565,5,Hsinchu,23:00
565,5,Miaoli,23:12
565,5,Taichung,23:29
565,6,Nangang,22:15
565,6,Taipei,22:26
565,6,Banqiao,22:35
565,6,Taoyuan,22:48
565,6,Hsinchu,23:00
565,6,Miaoli,23:12
565,6,Taichung,23:29
565,7,Nangang,22:15
565,7,Taipei,22:26
565,7,Banqiao,22:35
565,7,Taoyuan,22:48
565,7,Hsinchu,23:00
565,7,Miaoli,23:12
565,7,Taichung,23:29
567,1,Nangang,22:50
567,1,Taipei,23:00
567,1,Banqiao,23:08
567,1,Taoyuan,23:21
567,1,Hsinchu,23:32
567,1,Miaoli,23:43
567,1,Taichung,23:59
567,2,Nangang,22:50
567,2,Taipei,23:00
567,2,Banqiao,23:08
567,2,Taoyuan,23:21
567,2,Hsinchu,23:32
567,2,Miaoli,23:43
567,2,Taichung,23:59
567,3,Nangang,22:50
567,3,Taipei,23:00
567,3,Banqiao,23:08
567,3,Taoyuan,23:21
567,3,Hsinchu,23:32
567,3,Miaoli,23:43
567,3,Taichung,23:59
567,4,Nangang,22:50
567,4,Taipei,23:00
567,4,Banqiao,23:08
567,4,Taoyuan,23:21
567,4,Hsinchu,23:32
567,4,Miaoli,23:43
567,4,Taichung,23:59
567,5,Nangang,22:50
567,5,Taipei,23:00
567,5,Banqiao,23:08
567,5,Taoyuan,23:21
567,5,Hsinchu,23:32
567,5,Miaoli,23:43
567,5,Taichung,23:59
583,1,Taichung,6:25
583,1,Changhua,6:37
583,1,Yunlin,6:47
583,1,Chiayi,6:59
583,1,Tainan,7:17
583,1,Zuoying,7:30
583,3,Taichung,6:25
583,3,Changhua,6:37
583,3,Yunlin,6:47
583,3,Chiayi,6:59
583,3,Tainan,7:17
583,3,Zuoying,7:30
583,5,Taichung,6:25
583,5,Changhua,6:37
583,5,Yunlin,6:47
583,5,Chiayi,6:59
583,5,Tainan,7:17
583,5,Zuoying,7:30
583,7,Taichung,6:25
583,7,Changhua,6:37
583,7,Yunlin,6:47
583,7,Chiayi,6:59
583,7,Tainan,7:17
583,7,Zuoying,7:30
603,1,Nangang,6:40
603,1,Taipei,6:51
603,1,Banqiao,7:00
603,1,Taoyuan,7:15
603,1,Hsinchu,7:27
603,1,Taichung,7:53
603,1,Chiayi,8:19
603,1,Tainan,8:38
603,1,Zuoying,8:50
603,2,Nangang,6:40
603,2,Taipei,6:51
603,2,Banqiao,7:00
603,2,Taoyuan,7:15
603,2,Hsinchu,7:27
603,2,Taichung,7:53
603,2,Chiayi,8:19
603,2,Tainan,8:38
603,2,Zuoying,8:50
603,5,Nangang,6:40
603,5,Taipei,6:51
603,5,Banqiao,7:00
603,5,Taoyuan,7:15
603,5,Hsinchu,7:27
603,5,Taichung,7:53
603,5,Chiayi,8:19
603,5,Tainan,8:38
603,5,Zuoying,8:50
603,6,Nangang,6:40
603,6,Taipei,6:51
603,6,Banqiao,7:00
603,6,Taoyuan,7:15
603,6,Hsinchu,7:27
603,6,Taichung,7:53
603,6,Chiayi,8:19
603,6,Tainan,8:38
603,6,Zuoying,8:50
603,7,Nangang,6:40
603,7,Taipei,6:51
603,7,Banqiao,7:00
603,7,Taoyuan,7:15
603,7,Hsinchu,7:27
603,7,Taichung,7:53
603,7,Chiayi,8:19
603,7,Tainan,8:38
603,7,Zuoying,8:50
609,1,Nangang,7:35
609,1,Taipei,7:46
609,1,Banqiao,7:55
609,1,Taoyuan,8:10
609,1,Hsinchu,8:22
609,1,Taichung,8:48
609,1,Chiayi,9:14
609,1,Tainan,9:33
609,1,Zuoying,9:45
609,4,Nangang,7:35
609,4,Taipei,7:46
609,4,Banqiao,7:55
609,4,Taoyuan,8:10
609,4,Hsinchu,8:22
609,4,Taichung,8:48
609,4,Chiayi,9:14
609,4,Tainan,9:33
609,4,Zuoying,9:45
609,6,Nangang,7:35
609,6,Taipei,7:46
609,6,Banqiao,7:55
609,6,Taoyuan,8:10
609,6,Hsinchu,8:22
609,6,Taichung,8:48
609,6,Chiayi,9:14
609,6,Tainan,9:33
609,6,Zuoying,9:45
609,7,Nangang,7:35
609,7,Taipei,7:46
609,7,Banqiao,7:55
609,7,Taoyuan,8:10
609,7,Hsinchu,8:22
609,7,Taichung,8:48
609,7,Chiayi,9:14
609,7,Tainan,9:33
609,7,Zuoying,9:45
613,1,Nangang,8:10
613,1,Taipei,8:21
613,1,Banqiao,8:29
613,1,Taoyuan,8:43
613,1,Hsinchu,8:56
613,1,Taichung,9:25
613,1,Chiayi,9:50
613,1,Tainan,10:07
613,1,Zuoying,10:20
613,2,Nangang,8:10
613,2,Taipei,8:21
613,2,Banqiao,8:29
613,2,Taoyuan,8:43
613,2,Hsinchu,8:56
613,2,Taichung,9:25
613,2,Chiayi,9:50
613,2,Tainan,10:07
613,2,Zuoying,10:20
613,4,Nangang,8:10
613,4,Taipei,8:21
613,4,Banqiao,8:29
613,4,Taoyuan,8:43
613,4,Hsinchu,8:56
613,4,Taichung,9:25
613,4,Chiayi,9:50
613,4,Tainan,10:07
613,4,Zuoying,10:20
613,5,Nangang,8:10
613,5,Taipei,8:21
613,5,Banqiao,8:29
613,5,Taoyuan,8:43
613,5,Hsinchu,8:56
613,5,Taichung,9:25
613,5,Chiayi,9:50
613,5,Tainan,10:07
613,5,Zuoying,10:20
613,6,Nangang,8:10
613,6,Taipei,8:21
613,6,Banqiao,8:29
613,6,Taoyuan,8:43
613,6,Hsinchu,8:56
613,6,Taichung,9:25
613,6,Chiayi,9:50
613,6,Tainan,10:07
613,6,Zuoying,10:20
613,7,Nangang,8:10
613,7,Taipei,8:21
613,7,Banqiao,8:29
613,7,Taoyuan,8:43
613,7,Hsinchu,8:56
613,7,Taichung,9:25
613,7,Chiayi,9:50
613,7,Tainan,10:07
613,7,Zuoying,10:20
615,1,Nangang,8:35
615,1,Taipei,8:46
615,1,Banqiao,8:55
615,1,Taoyuan,9:10
615,1,Hsinchu,9:22
615,1,Taichung,9:48
615,1,Chiayi,10:14
615,1,Tainan,10:33
615,1,Zuoying,10:45
615,2,Nangang,8:35
615,2,Taipei,8:46
615,2,Banqiao,8:55
615,2,Taoyuan,9:10
615,2,Hsinchu,9:22
615,2,Taichung,9:48
615,2,Chiayi,10:14
615,2,Tainan,10:33
615,2,Zuoying,10:45
615,3,Nangang,8:35
615,3,Taipei,8:46
615,3,Banqiao,8:55
615,3,Taoyuan,9:10
615,3,Hsinchu,9:22
615,3,Taichung,9:48
615,3,Chiayi,10:14
615,3,Tainan,10:33
615,3,Zuoying,10:45
615,4,Nangang,8:35
615,4,Taipei,8:46
615,4,Banqiao,8:55
615,4,Taoyuan,9:10
615,4,Hsinchu,9:22
615,4,Taichung,9:48
615,4,Chiayi,10:14
615,4,Tainan,10:33
615,4,Zuoying,10:45
615,5,Nangang,8:35
615,5,Taipei,8:46
615,5,Banqiao,8:55
615,5,Taoyuan,9:10
615,5,Hsinchu,9:22
615,5,Taichung,9:48
615,5,Chiayi,10:14
615,5,Tainan,10:33
615,5,Zuoying,10:45
615,6,Nangang,8:35
615,6,Taipei,8:46
615,6,Banqiao,8:55
615,6,Taoyuan,9:10
615,6,Hsinchu,9:22
615,6,Taichung,9:48
615,6,Chiayi,10:14
615,6,Tainan,10:33
615,6,Zuoying,10:45
615,7,Nangang,8:35
615,7,Taipei,8:46
615,7,Banqiao,8:55
615,7,Taoyuan,9:10
615,7,Hsinchu,9:22
615,7,Taichung,9:48
615,7,Chiayi,10:14
615,7,Tainan,10:33
615,7,Zuoying,10:45
619,1,Nangang,9:10
619,1,Taipei,9:21
619,1,Banqiao,9:29
619,1,Taoyuan,9:43
619,1,Hsinchu,9:56
619,1,Taichung,10:25
619,1,Chiayi,10:50
619,1,Tainan,11:07
619,1,Zuoying,11:20
619,2,Nangang,9:10
619,2,Taipei,9:21
619,2,Banqiao,9:29
619,2,Taoyuan,9:43
619,2,Hsinchu,9:56
619,2,Taichung,10:25
619,2,Chiayi,10:50
619,2,Tainan,11:07
619,2,Zuoying,11:20
619,3,Nangang,9:10
619,3,Taipei,9:21
619,3,Banqiao,9:29
619,3,Taoyuan,9:43
619,3,Hsinchu,9:56
619,3,Taichung,10:25
619,3,Chiayi,10:50
619,3,Tainan,11:07
619,3,Zuoying,11:20
619,4,Nangang,9:10
619,4,Taipei,9:21
619,4,Banqiao,9:29
619,4,Taoyuan,9:43
619,4,Hsinchu,9:56
619,4,Taichung,10:25
619,4,Chiayi,10:50
619,4,Tainan,11:07
619,4,Zuoying,11:20
619,5,Nangang,9:10
619,5,Taipei,9:21
619,5,Banqiao,9:29
619,5,Taoyuan,9:43
619,5,Hsinchu,9:56
619,5,Taichung,10:25
619,5,Chiayi,10:50
619,5,Tainan,11:07
619,5,Zuoying,11:20
621,1,Nangang,9:35
621,1,Taipei,9:46
621,1,Banqiao,9:55
621,1,Taoyuan,10:10
621,1,Hsinchu,10:22
621,1,Taichung,10:48
621,1,Chiayi,11:14
621,1,Tainan,11:33
621,1,Zuoying,11:45
621,2,Nangang,9:35
621,2,Taipei,9:46
621,2,Banqiao,9:55
621,2,Taoyuan,10:10
621,2,Hsinchu,10:22
621,2,Taichung,10:48
621,2,Chiayi,11:14
621,2,Tainan,11:33
621,2,Zuoying,11:45
621,3,Nangang,9:35
621,3,Taipei,9:46
621,3,Banqiao,9:55
621,3,Taoyuan,10:10
621,3,Hsinchu,10:22
621,3,Taichung,10:48
621,3,Chiayi,11:14
621,3,Tainan,11:33
621,3,Zuoying,11:45
621,4,Nangang,9:35
621,4,Taipei,9:46
621,4,Banqiao,9:55
621,4,Taoyuan,10:10
621,4,Hsinchu,10:22
621,4,Taichung,10:48
621,4,Chiayi,11:14
621,4,Tainan,11:33
621,4,Zuoying,11:45
621,5,Nangang,9:35
621,5,Taipei,9:46
621,5,Banqiao,9:55
621,5,Taoyuan,10:10
621,5,Hsinchu,10:22
621,5,Taichung,10:48
621,5,Chiayi,11:14
621,5,Tainan,11:33
621,5,Zuoying,11:45
625,1,Nangang,10:10
625,1,Taipei,10:21
625,1,Banqiao,10:29
625,1,Taoyuan,10:43
625,1,Hsinchu,10:56
625,1,Taichung,11:25
625,1,Chiayi,11:50
625,1,Tainan,12:07
625,1,Zuoying,12:20
625,2,Nangang,10:10
625,2,Taipei,10:21
625,2,Banqiao,10:29
625,2,Taoyuan,10:43
625,2,Hsinchu,10:56
625,2,Taichung,11:25
625,2,Chiayi,11:50
625,2,Tainan,12:07
625,2,Zuoying,12:20
625,4,Nangang,10:10
625,4,Taipei,10:21
625,4,Banqiao,10:29
625,4,Taoyuan,10:43
625,4,Hsinchu,10:56
625,4,Taichung,11:25
625,4,Chiayi,11:50
625,4,Tainan,12:07
625,4,Zuoying,12:20
625,5,Nangang,10:10
625,5,Taipei,10:21
625,5,Banqiao,10:29
625,5,Taoyuan,10:43
625,5,Hsinchu,10:56
625,5,Taichung,11:25
625,5,Chiayi,11:50
625,5,Tainan,12:07
625,5,Zuoying,12:20
625,6,Nangang,10:10
625,6,Taipei,10:21
625,6,Banqiao,10:29
625,6,Taoyuan,10:43
625,6,Hsinchu,10:56
625,6,Taichung,11:25
625,6,Chiayi,11:50
625,6,Tainan,12:07
625,6,Zuoying,12:20
625,7,Nangang,10:10
625,7,Taipei,10:21
625,7,Banqiao,10:29
625,7,Taoyuan,10:43
625,7,Hsinchu,10:56
625,7,Taichung,11:25
625,7,Chiayi,11:50
625,7,Tainan,12:07
625,7,Zuoying,12:20
627,1,Nangang,10:35
627,1,Taipei,10:46
627,1,Banqiao,10:55
627,1,Taoyuan,11:10
627,1,Hsinchu,11:22
627,1,Taichung,11:48
627,1,Chiayi,12:14
627,1,Tainan,12:33
627,1,Zuoying,12:45
627,3,Nangang,10:35
627,3,Taipei,10:46
627,3,Banqiao,10:55
627,3,Taoyuan,11:10
627,3,Hsinchu,11:22
627,3,Taichung,11:48
627,3,Chiayi,12:14
627,3,Tainan,12:33
627,3,Zuoying,12:45
627,5,Nangang,10:35
627,5,Taipei,10:46
627,5,Banqiao,10:55
627,5,Taoyuan,11:10
627,5,Hsinchu,11:22
627,5,Taichung,11:48
627,5,Chiayi,12:14
627,5,Tainan,12:33
627,5,Zuoying,12:45
633,6,Nangang,11:35
633,6,Taipei,11:46
633,6,Banqiao,11:55
633,6,Taoyuan,12:10
633,6,Hsinchu,12:22
633,6,Taichung,12:48
633,6,Chiayi,13:14
633,6,Tainan,13:33
633,6,Zuoying,13:45
633,7,Nangang,11:35
633,7,Taipei,11:46
633,7,Banqiao,11:55
633,7,Taoyuan,12:10
633,7,Hsinchu,12:22
633,7,Taichung,12:48
633,7,Chiayi,13:14
633,7,Tainan,13:33
633,7,Zuoying,13:45
639,6,Nangang,12:35
639,6,Taipei,12:46
639,6,Banqiao,12:55
639,6,Taoyuan,13:10
639,6,Hsinchu,13:22
639,6,Taichung,13:48
639,6,Chiayi,14:14
639,6,Tainan,14:33
639,6,Zuoying,14:45
639,7,Nangang,12:35
639,7,Taipei,12:46
639,7,Banqiao,12:55
639,7,Taoyuan,13:10
639,7,Hsinchu,13:22
639,7,Taichung,13:48
639,7,Chiayi,14:14
639,7,Tainan,14:33
639,7,Zuoying,14:45
645,5,Nangang,13:35
645,5,Taipei,13:46
645,5,Banqiao,13:55
645,5,Taoyuan,14:10
645,5,Hsinchu,14:22
645,5,Taichung,14:48
645,5,Chiayi,15:14
645,5,Tainan,15:33
645,5,Zuoying,15:45
645,6,Nangang,13:35
645,6,Taipei,13:46
645,6,Banqiao,13:55
645,6,Taoyuan,14:10
645,6,Hsinchu,14:22
645,6,Taichung,14:48
645,6,Chiayi,15:14
645,6,Tainan,15:33
645,6,Zuoying,15:45
645,7,Nangang,13:35
645,7,Taipei,13:46
645,7,Banqiao,13:55
645,7,Taoyuan,14:10
645,7,Hsinchu,14:22
645,7,Taichung,14:48
645,7,Chiayi,15:14
645,7,Tainan,15:33
645,7,Zuoying,15:45
651,1,Nangang,14:35
651,1,Taipei,14:46
651,1,Banqiao,14:55
651,1,Taoyuan,15:10
651,1,Hsinchu,15:22
651,1,Taichung,15:48
651,1,Chiayi,16:14
651,1,Tainan,16:33
651,1,Zuoying,16:45
651,2,Nangang,14:35
651,2,Taipei,14:46
651,2,Banqiao,14:55
651,2,Taoyuan,15:10
651,2,Hsinchu,15:22
651,2,Taichung,15:48
651,2,Chiayi,16:14
651,2,Tainan,16:33
651,2,Zuoying,16:45
651,3,Nangang,14:35
651,3,Taipei,14:46
651,3,Banqiao,14:55
651,3,Taoyuan,15:10
651,3,Hsinchu,15:22
651,3,Taichung,15:48
651,3,Chiayi,16:14
651,3,Tainan,16:33
651,3,Zuoying,16:45
651,4,Nangang,14:35
651,4,Taipei,14:46
651,4,Banqiao,14:55
651,4,Taoyuan,15:10
651,4,Hsinchu,15:22
651,4,Taichung,15:48
651,4,Chiayi,16:14
651,4,Tainan,16:33
651,4,Zuoying,16:45
651,5,Nangang,14:35
651,5,Taipei,14:46
651,5,Banqiao,14:55
651,5,Taoyuan,15:10
651,5,Hsinchu,15:22
651,5,Taichung,15:48
651,5,Chiayi,16:14
651,5,Tainan,16:33
651,5,Zuoying,16:45
651,6,Nangang,14:35
651,6,Taipei,14:46
651,6,Banqiao,14:55
651,6,Taoyuan,15:10
651,6,Hsinchu,15:22
651,6,Taichung,15:48
651,6,Chiayi,16:14
651,6,Tainan,16:33
651,6,Zuoying,16:45
651,7,Nangang,14:35
651,7,Taipei,14:46
651,7,Banqiao,14:55
651,7,Taoyuan,15:10
651,7,Hsinchu,15:22
651,7,Taichung,15:48
651,7,Chiayi,16:14
651,7,Tainan,16:33
651,7,Zuoying,16:45
657,1,Nangang,15:35
657,1,Taipei,15:46
657,1,Banqiao,15:55
657,1,Taoyuan,16:10
657,1,Hsinchu,16:22
657,1,Taichung,16:48
657,1,Chiayi,17:14
657,1,Tainan,17:33
657,1,Zuoying,17:45
657,2,Nangang,15:35
657,2,Taipei,15:46
657,2,Banqiao,15:55
657,2,Taoyuan,16:10
657,2,Hsinchu,16:22
657,2,Taichung,16:48
657,2,Chiayi,17:14
657,2,Tainan,17:33
657,2,Zuoying,17:45
657,3,Nangang,15:35
657,3,Taipei,15:46
657,3,Banqiao,15:55
657,3,Taoyuan,16:10
657,3,Hsinchu,16:22
657,3,Taichung,16:48
657,3,Chiayi,17:14
657,3,Tainan,17:33
657,3,Zuoying,17:45
657,4,Nangang,15:35
657,4,Taipei,15:46
657,4,Banqiao,15:55
657,4,Taoyuan,16:10
657,4,Hsinchu,16:22
657,4,Taichung,16:48
657,4,Chiayi,17:14
657,4,Tainan,17:33
657,4,Zuoying,17:45
657,5,Nangang,15:35
657,5,Taipei,15:46
657,5,Banqiao,15:55
657,5,Taoyuan,16:10
657,5,Hsinchu,16:22
657,5,Taichung,16:48
657,5,Chiayi,17:14
657,5,Tainan,17:33
657,5,Zuoying,17:45
657,6,Nangang,15:35
657,6,Taipei,15:46
657,6,Banqiao,15:55
657,6,Taoyuan,16:10
657,6,Hsinchu,16:22
657,6,Taichung,16:48
657,6,Chiayi,17:14
657,6,Tainan,17:33
657,6,Zuoying,17:45
657,7,Nangang,15:35
657,7,Taipei,15:46
657,7,Banqiao,15:55
657,7,Taoyuan,16:10
657,7,Hsinchu,16:22
657,7,Taichung,16:48
657,7,Chiayi,17:14
657,7,Tainan,17:33
657,7,Zuoying,17:45
661,1,Nangang,16:10
661,1,Taipei,16:21
661,1,Banqiao,16:29
661,1,Taoyuan,16:43
661,1,Hsinchu,16:56
661,1,Taichung,17:25
661,1,Chiayi,17:50
661,1,Tainan,18:07
661,1,Zuoying,18:20
661,2,Nangang,16:10
661,2,Taipei,16:21
661,2,Banqiao,16:29
661,2,Taoyuan,16:43
661,2,Hsinchu,16:56
661,2,Taichung,17:25
661,2,Chiayi,17:50
661,2,Tainan,18:07
661,2,Zuoying,18:20
661,3,Nangang,16:10
661,3,Taipei,16:21
661,3,Banqiao,16:29
661,3,Taoyuan,16:43
661,3,Hsinchu,16:56
661,3,Taichung,17:25
661,3,Chiayi,17:50
661,3,Tainan,18:07
661,3,Zuoying,18:20
661,4,Nangang,16:10
661,4,Taipei,16:21
661,4,Banqiao,16:29
661,4,Taoyuan,16:43
661,4,Hsinchu,16:56
661,4,Taichung,17:25
661,4,Chiayi,17:50
661,4,Tainan,18:07
661,4,Zuoying,18:20
661,5,Nangang,16:10
661,5,Taipei,16:21
661,5,Banqiao,16:29
661,5,Taoyuan,16:43
661,5,Hsinchu,16:56
661,5,Taichung,17:25
661,5,Chiayi,17:50
661,5,Tainan,18:07
661,5,Zuoying,18:20
663,1,Nangang,16:35
663,1,Taipei,16:46
663,1,Banqiao,16:55
663,1,Taoyuan,17:10
663,1,Hsinchu,17:22
663,1,Taichung,17:48
663,1,Chiayi,18:14
663,1,Tainan,18:33
663,1,Zuoying,18:45
663,2,Nangang,16:35
663,2,Taipei,16:46
663,2,Banqiao,16:55
663,2,Taoyuan,17:10
663,2,Hsinchu,17:22
663,2,Taichung,17:48
663,2,Chiayi,18:14
663,2,Tainan,18:33
663,2,Zuoying,18:45
663,3,Nangang,16:35
663,3,Taipei,16:46
663,3,Banqiao,16:55
663,3,Taoyuan,17:10
663,3,Hsinchu,17:22
663,3,Taichung,17:48
663,3,Chiayi,18:14
663,3,Tainan,18:33
663,3,Zuoying,18:45
663,4,Nangang,16:35
663,4,Taipei,16:46
663,4,Banqiao,16:55
663,4,Taoyuan,17:10
663,4,Hsinchu,17:22
663,4,Taichung,17:48
663,4,Chiayi,18:14
663,4,Tainan,18:33
663,4,Zuoying,18:45
663,5,Nangang,16:35
663,5,Taipei,16:46
663,5,Banqiao,16:55
663,5,Taoyuan,17:10
663,5,Hsinchu,17:22
663,5,Taichung,17:48
663,5,Chiayi,18:14
663,5,Tainan,18:33
663,5,Zuoying,18:45
663,6,Nangang,16:35
663,6,Taipei,16:46
663,6,Banqiao,16:55
663,6,Taoyuan,17:10
663,6,Hsinchu,17:22
663,6,Taichung,17:48
663,6,Chiayi,18:14
663,6,Tainan,18:33
663,6,Zuoying,18:45
663,7,Nangang,16:35
663,7,Taipei,16:46
663,7,Banqiao,16:55
663,7,Taoyuan,17:10
663,7,Hsinchu,17:22
663,7,Taichung,17:48
663,7,Chiayi,18:14
663,7,Tainan,18:33
663,7,Zuoying,18:45
667,1,Nangang,17:10
667,1,Taipei,17:21
667,1,Banqiao,17:29
667,1,Taoyuan,17:43
667,1,Hsinchu,17:56
667,1,Taichung,18:25
667,1,Chiayi,18:50
667,1,Tainan,19:07
667,1,Zuoying,19:20
667,2,Nangang,17:10
667,2,Taipei,17:21
667,2,Banqiao,17:29
667,2,Taoyuan,17:43
667,2,Hsinchu,17:56
667,2,Taichung,18:25
667,2,Chiayi,18:50
667,2,Tainan,19:07
667,2,Zuoying,19:20
667,3,Nangang,17:10
667,3,Taipei,17:21
667,3,Banqiao,17:29
667,3,Taoyuan,17:43
667,3,Hsinchu,17:56
667,3,Taichung,18:25
667,3,Chiayi,18:50
667,3,Tainan,19:07
667,3,Zuoying,19:20
667,4,Nangang,17:10
667,4,Taipei,17:21
667,4,Banqiao,17:29
667,4,Taoyuan,17:43
667,4,Hsinchu,17:56
667,4,Taichung,18:25
667,4,Chiayi,18:50
667,4,Tainan,19:07
667,4,Zuoying,19:20
667,5,Nangang,17:10
667,5,Taipei,17:21
667,5,Banqiao,17:29
667,5,Taoyuan,17:43
667,5,Hsinchu,17:56
667,5,Taichung,18:25
667,5,Chiayi,18:50
667,5,Tainan,19:07
667,5,Zuoying,19:20
667,6,Nangang,17:10
667,6,Taipei,17:21
667,6,Banqiao,17:29
667,6,Taoyuan,17:43
667,6,Hsinchu,17:56
667,6,Taichung,18:25
667,6,Chiayi,18:50
667,6,Tainan,19:07
667,6,Zuoying,19:20
667,7,Nangang,17:10
667,7,Taipei,17:21
667,7,Banqiao,17:29
667,7,Taoyuan,17:43
667,7,Hsinchu,17:56
667,7,Taichung,18:25
667,7,Chiayi,18:50
667,7,Tainan,19:07
667,7,Zuoying,19:20
669,1,Nangang,17:35
669,1,Taipei,17:46
669,1,Banqiao,17:55
669,1,Taoyuan,18:10
669,1,Hsinchu,18:22
669,1,Taichung,18:48
669,1,Chiayi,19:14
669,1,Tainan,19:33
669,1,Zuoying,19:45
669,2,Nangang,17:35
669,2,Taipei,17:46
669,2,Banqiao,17:55
669,2,Taoyuan,18:10
669,2,Hsinchu,18:22
669,2,Taichung,18:48
669,2,Chiayi,19:14
669,2,Tainan,19:33
669,2,Zuoying,19:45
669,3,Nangang,17:35
669,3,Taipei,17:46
669,3,Banqiao,17:55
669,3,Taoyuan,18:10
669,3,Hsinchu,18:22
669,3,Taichung,18:48
669,3,Chiayi,19:14
669,3,Tainan,19:33
669,3,Zuoying,19:45
669,4,Nangang,17:35
669,4,Taipei,17:46
669,4,Banqiao,17:55
669,4,Taoyuan,18:10
669,4,Hsinchu,18:22
669,4,Taichung,18:48
669,4,Chiayi,19:14
669,4,Tainan,19:33
669,4,Zuoying,19:45
669,5,Nangang,17:35
669,5,Taipei,17:46
669,5,Banqiao,17:55
669,5,Taoyuan,18:10
669,5,Hsinchu,18:22
669,5,Taichung,18:48
669,5,Chiayi,19:14
669,5,Tainan,19:33
669,5,Zuoying,19:45
669,6,Nangang,17:35
669,6,Taipei,17:46
669,6,Banqiao,17:55
669,6,Taoyuan,18:10
669,6,Hsinchu,18:22
669,6,Taichung,18:48
669,6,Chiayi,19:14
669,6,Tainan,19:33
669,6,Zuoying,19:45
669,7,Nangang,17:35
669,7,Taipei,17:46
669,7,Banqiao,17:55
669,7,Taoyuan,18:10
669,7,Hsinchu,18:22
669,7,Taichung,18:48
669,7,Chiayi,19:14
669,7,Tainan,19:33
669,7,Zuoying,19:45
673,1,Nangang,18:10
673,1,Taipei,18:21
673,1,Banqiao,18:29
673,1,Taoyuan,18:43
673,1,Hsinchu,18:56
673,1,Taichung,19:25
673,1,Chiayi,19:50
673,1,Tainan,20:07
673,1,Zuoying,20:20
673,2,Nangang,18:10
673,2,Taipei,18:21
673,2,Banqiao,18:29
673,2,Taoyuan,18:43
673,2,Hsinchu,18:56
673,2,Taichung,19:25
673,2,Chiayi,19:50
673,2,Tainan,20:07
673,2,Zuoying,20:20
673,3,Nangang,18:10
673,3,Taipei,18:21
673,3,Banqiao,18:29
673,3,Taoyuan,18:43
673,3,Hsinchu,18:56
673,3,Taichung,19:25
673,3,Chiayi,19:50
673,3,Tainan,20:07
673,3,Zuoying,20:20
673,4,Nangang,18:10
673,4,Taipei,18:21
673,4,Banqiao,18:29
673,4,Taoyuan,18:43
673,4,Hsinchu,18:56
673,4,Taichung,19:25
673,4,Chiayi,19:50
673,4,Tainan,20:07
673,4,Zuoying,20:20
673,5,Nangang,18:10
673,5,Taipei,18:21
673,5,Banqiao,18:29
673,5,Taoyuan,18:43
673,5,Hsinchu,18:56
673,5,Taichung,19:25
673,5,Chiayi,19:50
673,5,Tainan,20:07
673,5,Zuoying,20:20
675,1,Nangang,18:35
675,1,Taipei,18:46
675,1,Banqiao,18:55
675,1,Taoyuan,19:10
675,1,Hsinchu,19:22
675,1,Taichung,19:48
675,1,Chiayi,20:14
675,1,Tainan,20:33
675,1,Zuoying,20:45
675,3,Nangang,18:35
675,3,Taipei,18:46
675,3,Banqiao,18:55
675,3,Taoyuan,19:10
675,3,Hsinchu,19:22
675,3,Taichung,19:48
675,3,Chiayi,20:14
675,3,Tainan,20:33
675,3,Zuoying,20:45
675,5,Nangang,18:35
675,5,Taipei,18:46
675,5,Banqiao,18:55
675,5,Taoyuan,19:10
675,5,Hsinchu,19:22
675,5,Taichung,19:48
675,5,Chiayi,20:14
675,5,Tainan,20:33
675,5,Zuoying,20:45
675,7,Nangang,18:35
675,7,Taipei,18:46
675,7,Banqiao,18:55
675,7,Taoyuan,19:10
675,7,Hsinchu,19:22
675,7,Taichung,19:48
675,7,Chiayi,20:14
675,7,Tainan,20:33
675,7,Zuoying,20:45
681,1,Nangang,19:35
681,1,Taipei,19:46
681,1,Banqiao,19:55
681,1,Taoyuan,20:10
681,1,Hsinchu,20:22
681,1,Taichung,20:48
681,1,Chiayi,21:14
681,1,Tainan,21:33
681,1,Zuoying,21:45
681,2,Nangang,19:35
681,2,Taipei,19:46
681,2,Banqiao,19:55
681,2,Taoyuan,20:10
681,2,Hsinchu,20:22
681,2,Taichung,20:48
681,2,Chiayi,21:14
681,2,Tainan,21:33
681,2,Zuoying,21:45
681,5,Nangang,19:35
681,5,Taipei,19:46
681,5,Banqiao,19:55
681,5,Taoyuan,20:10
681,5,Hsinchu,20:22
681,5,Taichung,20:48
681,5,Chiayi,21:14
681,5,Tainan,21:33
681,5,Zuoying,21:45
681,6,Nangang,19:35
681,6,Taipei,19:46
681,6,Banqiao,19:55
681,6,Taoyuan,20:10
681,6,Hsinchu,20:22
681,6,Taichung,20:48
681,6,Chiayi,21:14
681,6,Tainan,21:33
681,6,Zuoying,21:45
681,7,Nangang,19:35
681,7,Taipei,19:46
681,7,Banqiao,19:55
681,7,Taoyuan,20:10
681,7,Hsinchu,20:22
681,7,Taichung,20:48
681,7,Chiayi,21:14
681,7,Tainan,21:33
681,7,Zuoying,21:45
687,1,Nangang,20:35
687,1,Taipei,20:46
687,1,Banqiao,20:55
687,1,Taoyuan,21:10
687,1,Hsinchu,21:22
687,1,Taichung,21:48
687,1,Chiayi,22:14
687,1,Tainan,22:33
687,1,Zuoying,22:45
687,4,Nangang,20:35
687,4,Taipei,20:46
687,4,Banqiao,20:55
687,4,Taoyuan,21:10
687,4,Hsinchu,21:22
687,4,Taichung,21:48
687,4,Chiayi,22:14
687,4,Tainan,22:33
687,4,Zuoying,22:45
687,6,Nangang,20:35
687,6,Taipei,20:46
687,6,Banqiao,20:55
687,6,Taoyuan,21:10
687,6,Hsinchu,21:22
687,6,Taichung,21:48
687,6,Chiayi,22:14
687,6,Tainan,22:33
687,6,Zuoying,22:45
687,7,Nangang,20:35
687,7,Taipei,20:46
687,7,Banqiao,20:55
687,7,Taoyuan,21:10
687,7,Hsinchu,21:22
687,7,Taichung,21:48
687,7,Chiayi,22:14
687,7,Tainan,22:33
687,7,Zuoying,22:45
693,1,Nangang,21:30
693,1,Taipei,21:41
693,1,Banqiao,21:50
693,1,Taoyuan,22:05
693,1,Hsinchu,22:17
693,1,Taichung,22:43
693,1,Chiayi,23:09
693,1,Tainan,23:28
693,1,Zuoying,23:40
693,2,Nangang,21:30
693,2,Taipei,21:41
693,2,Banqiao,21:50
693,2,Taoyuan,22:05
693,2,Hsinchu,22:17
693,2,Taichung,22:43
693,2,Chiayi,23:09
693,2,Tainan,23:28
693,2,Zuoying,23:40
693,4,Nangang,21:30
693,4,Taipei,21:41
693,4,Banqiao,21:50
693,4,Taoyuan,22:05
693,4,Hsinchu,22:17
693,4,Taichung,22:43
693,4,Chiayi,23:09
693,4,Tainan,23:28
693,4,Zuoying,23:40
693,5,Nangang,21:30
693,5,Taipei,21:41
693,5,Banqiao,21:50
693,5,Taoyuan,22:05
693,5,Hsinchu,22:17
693,5,Taichung,22:43
693,5,Chiayi,23:09
693,5,Tainan,23:28
693,5,Zuoying,23:40
693,6,Nangang,21:30
693,6,Taipei,21:41
693,6,Banqiao,21:50
693,6,Taoyuan,22:05
693,6,Hsinchu,22:17
693,6,Taichung,22:43
693,6,Chiayi,23:09
693,6,Tainan,23:28
693,6,Zuoying,23:40
693,7,Nangang,21:30
693,7,Taipei,21:41
693,7,Banqiao,21:50
693,7,Taoyuan,22:05
693,7,Hsinchu,22:17
693,7,Taichung,22:43
693,7,Chiayi,23:09
693,7,Tainan,23:28
693,7,Zuoying,23:40
803,1,Nangang,6:15
803,1,Taipei,6:26
803,1,Banqiao,6:34
803,1,Taoyuan,6:49
803,1,Hsinchu,7:02
803,1,Miaoli,7:13
803,1,Taichung,7:32
803,1,Changhua,7:45
803,1,Yunlin,7:56
803,1,Chiayi,8:10
803,1,Tainan,8:28
803,1,Zuoying,8:40
803,2,Nangang,6:15
803,2,Taipei,6:26
803,2,Banqiao,6:34
803,2,Taoyuan,6:49
803,2,Hsinchu,7:02
803,2,Miaoli,7:13
803,2,Taichung,7:32
803,2,Changhua,7:45
803,2,Yunlin,7:56
803,2,Chiayi,8:10
803,2,Tainan,8:28
803,2,Zuoying,8:40
803,3,Nangang,6:15
803,3,Taipei,6:26
803,3,Banqiao,6:34
803,3,Taoyuan,6:49
803,3,Hsinchu,7:02
803,3,Miaoli,7:13
803,3,Taichung,7:32
803,3,Changhua,7:45
803,3,Yunlin,7:56
803,3,Chiayi,8:10
803,3,Tainan,8:28
803,3,Zuoying,8:40
803,4,Nangang,6:15
803,4,Taipei,6:26
803,4,Banqiao,6:34
803,4,Taoyuan,6:49
803,4,Hsinchu,7:02
803,4,Miaoli,7:13
803,4,Taichung,7:32
803,4,Changhua,7:45
803,4,Yunlin,7:56
803,4,Chiayi,8:10
803,4,Tainan,8:28
803,4,Zuoying,8:40
803,5,Nangang,6:15
803,5,Taipei,6:26
803,5,Banqiao,6:34
803,5,Taoyuan,6:49
803,5,Hsinchu,7:02
803,5,Miaoli,7:13
803,5,Taichung,7:32
803,5,Changhua,7:45
803,5,Yunlin,7:56
803,5,Chiayi,8:10
803,5,Tainan,8:28
803,5,Zuoying,8:40
803,6,Nangang,6:15
803,6,Taipei,6:26
803,6,Banqiao,6:34
803,6,Taoyuan,6:49
803,6,Hsinchu,7:02
803,6,Miaoli,7:13
803,6,Taichung,7:32
803,6,Changhua,7:45
803,6,Yunlin,7:56
803,6,Chiayi,8:10
803,6,Tainan,8:28
803,6,Zuoying,8:40
803,7,Nangang,6:15
803,7,Taipei,6:26
803,7,Banqiao,6:34
803,7,Taoyuan,6:49
803,7,Hsinchu,7:02
803,7,Miaoli,7:13
803,7,Taichung,7:32
803,7,Changhua,7:45
803,7,Yunlin,7:56
803,7,Chiayi,8:10
803,7,Tainan,8:28
803,7,Zuoying,8:40
805,1,Nangang,7:00
805,1,Taipei,7:11
805,1,Banqiao,7:19
805,1,Taoyuan,7:34
805,1,Hsinchu,7:47
805,1,Miaoli,7:58
805,1,Taichung,8:17
805,1,Changhua,8:30
805,1,Yunlin,8:41
805,1,Chiayi,8:55
805,1,Tainan,9:13
805,1,Zuoying,9:25
805,2,Nangang,7:00
805,2,Taipei,7:11
805,2,Banqiao,7:19
805,2,Taoyuan,7:34
805,2,Hsinchu,7:47
805,2,Miaoli,7:58
805,2,Taichung,8:17
805,2,Changhua,8:30
805,2,Yunlin,8:41
805,2,Chiayi,8:55
805,2,Tainan,9:13
805,2,Zuoying,9:25
805,3,Nangang,7:00
805,3,Taipei,7:11
805,3,Banqiao,7:19
805,3,Taoyuan,7:34
805,3,Hsinchu,7:47
805,3,Miaoli,7:58
805,3,Taichung,8:17
805,3,Changhua,8:30
805,3,Yunlin,8:41
805,3,Chiayi,8:55
805,3,Tainan,9:13
805,3,Zuoying,9:25
805,4,Nangang,7:00
805,4,Taipei,7:11
805,4,Banqiao,7:19
805,4,Taoyuan,7:34
805,4,Hsinchu,7:47
805,4,Miaoli,7:58
805,4,Taichung,8:17
805,4,Changhua,8:30
805,4,Yunlin,8:41
805,4,Chiayi,8:55
805,4,Tainan,9:13
805,4,Zuoying,9:25
805,5,Nangang,7:00
805,5,Taipei,7:11
805,5,Banqiao,7:19
805,5,Taoyuan,7:34
805,5,Hsinchu,7:47
805,5,Miaoli,7:58
805,5,Taichung,8:17
805,5,Changhua,8:30
805,5,Yunlin,8:41
805,5,Chiayi,8:55
805,5,Tainan,9:13
805,5,Zuoying,9:25
809,1,Nangang,8:00
809,1,Taipei,8:11
809,1,Banqiao,8:19
809,1,Taoyuan,8:34
809,1,Hsinchu,8:47
809,1,Miaoli,8:58
809,1,Taichung,9:17
809,1,Changhua,9:30
809,1,Yunlin,9:41
809,1,Chiayi,9:55
809,1,Tainan,10:13
809,1,Zuoying,10:25
809,2,Nangang,8:00
809,2,Taipei,8:11
809,2,Banqiao,8:19
809,2,Taoyuan,8:34
809,2,Hsinchu,8:47
809,2,Miaoli,8:58
809,2,Taichung,9:17
809,2,Changhua,9:30
809,2,Yunlin,9:41
809,2,Chiayi,9:55
809,2,Tainan,10:13
809,2,Zuoying,10:25
809,3,Nangang,8:00
809,3,Taipei,8:11
809,3,Banqiao,8:19
809,3,Taoyuan,8:34
809,3,Hsinchu,8:47
809,3,Miaoli,8:58
809,3,Taichung,9:17
809,3,Changhua,9:30
809,3,Yunlin,9:41
809,3,Chiayi,9:55
809,3,Tainan,10:13
809,3,Zuoying,10:25
809,4,Nangang,8:00
809,4,Taipei,8:11
809,4,Banqiao,8:19
809,4,Taoyuan,8:34
809,4,Hsinchu,8:47
809,4,Miaoli,8:58
809,4,Taichung,9:17
809,4,Changhua,9:30
809,4,Yunlin,9:41
809,4,Chiayi,9:55
809,4,Tainan,10:13
809,4,Zuoying,10:25
809,5,Nangang,8:00
809,5,Taipei,8:11
809,5,Banqiao,8:19
809,5,Taoyuan,8:34
809,5,Hsinchu,8:47
809,5,Miaoli,8:58
809,5,Taichung,9:17
809,5,Changhua,9:30
809,5,Yunlin,9:41
809,5,Chiayi,9:55
809,5,Tainan,10:13
809,5,Zuoying,10:25
813,1,Nangang,9:00
813,1,Taipei,9:11
813,1,Banqiao,9:19
813,1,Taoyuan,9:34
813,1,Hsinchu,9:47
813,1,Miaoli,9:58
813,1,Taichung,10:17
813,1,Changhua,10:30
813,1,Yunlin,10:41
813,1,Chiayi,10:55
813,1,Tainan,11:13
813,1,Zuoying,11:25
813,2,Nangang,9:00
813,2,Taipei,9:11
813,2,Banqiao,9:19
813,2,Taoyuan,9:34
813,2,Hsinchu,9:47
813,2,Miaoli,9:58
813,2,Taichung,10:17
813,2,Changhua,10:30
813,2,Yunlin,10:41
813,2,Chiayi,10:55
813,2,Tainan,11:13
813,2,Zuoying,11:25
813,4,Nangang,9:00
813,4,Taipei,9:11
813,4,Banqiao,9:19
813,4,Taoyuan,9:34
813,4,Hsinchu,9:47
813,4,Miaoli,9:58
813,4,Taichung,10:17
813,4,Changhua,10:30
813,4,Yunlin,10:41
813,4,Chiayi,10:55
813,4,Tainan,11:13
813,4,Zuoying,11:25
813,5,Nangang,9:00
813,5,Taipei,9:11
813,5,Banqiao,9:19
813,5,Taoyuan,9:34
813,5,Hsinchu,9:47
813,5,Miaoli,9:58
813,5,Taichung,10:17
813,5,Changhua,10:30
813,5,Yunlin,10:41
813,5,Chiayi,10:55
813,5,Tainan,11:13
813,5,Zuoying,11:25
813,6,Nangang,9:00
813,6,Taipei,9:11
813,6,Banqiao,9:19
813,6,Taoyuan,9:34
813,6,Hsinchu,9:47
813,6,Miaoli,9:58
813,6,Taichung,10:17
813,6,Changhua,10:30
813,6,Yunlin,10:41
813,6,Chiayi,10:55
813,6,Tainan,11:13
813,6,Zuoying,11:25
813,7,Nangang,9:00
813,7,Taipei,9:11
813,7,Banqiao,9:19
813,7,Taoyuan,9:34
813,7,Hsinchu,9:47
813,7,Miaoli,9:58
813,7,Taichung,10:17
813,7,Changhua,10:30
813,7,Yunlin,10:41
813,7,Chiayi,10:55
813,7,Tainan,11:13
813,7,Zuoying,11:25
817,1,Nangang,10:00
817,1,Taipei,10:11
817,1,Banqiao,10:19
817,1,Taoyuan,10:34
817,1,Hsinchu,10:47
817,1,Miaoli,10:58
817,1,Taichung,11:17
817,1,Changhua,11:30
817,1,Yunlin,11:41
817,1,Chiayi,11:55
817,1,Tainan,12:13
817,1,Zuoying,12:25
817,3,Nangang,10:00
817,3,Taipei,10:11
817,3,Banqiao,10:19
817,3,Taoyuan,10:34
817,3,Hsinchu,10:47
817,3,Miaoli,10:58
817,3,Taichung,11:17
817,3,Changhua,11:30
817,3,Yunlin,11:41
817,3,Chiayi,11:55
817,3,Tainan,12:13
817,3,Zuoying,12:25
817,5,Nangang,10:00
817,5,Taipei,10:11
817,5,Banqiao,10:19
817,5,Taoyuan,10:34
817,5,Hsinchu,10:47
817,5,Miaoli,10:58
817,5,Taichung,11:17
817,5,Changhua,11:30
817,5,Yunlin,11:41
817,5,Chiayi,11:55
817,5,Tainan,12:13
817,5,Zuoying,12:25
821,6,Nangang,11:00
821,6,Taipei,11:11
821,6,Banqiao,11:19
821,6,Taoyuan,11:34
821,6,Hsinchu,11:47
821,6,Miaoli,11:58
821,6,Taichung,12:17
821,6,Changhua,12:30
821,6,Yunlin,12:41
821,6,Chiayi,12:55
821,6,Tainan,13:13
821,6,Zuoying,13:25
821,7,Nangang,11:00
821,7,Taipei,11:11
821,7,Banqiao,11:19
821,7,Taoyuan,11:34
821,7,Hsinchu,11:47
821,7,Miaoli,11:58
821,7,Taichung,12:17
821,7,Changhua,12:30
821,7,Yunlin,12:41
821,7,Chiayi,12:55
821,7,Tainan,13:13
821,7,Zuoying,13:25
825,6,Nangang,12:00
825,6,Taipei,12:11
825,6,Banqiao,12:19
825,6,Taoyuan,12:34
825,6,Hsinchu,12:47
825,6,Miaoli,12:58
825,6,Taichung,13:17
825,6,Changhua,13:30
825,6,Yunlin,13:41
825,6,Chiayi,13:55
825,6,Tainan,14:13
825,6,Zuoying,14:25
825,7,Nangang,12:00
825,7,Taipei,12:11
825,7,Banqiao,12:19
825,7,Taoyuan,12:34
825,7,Hsinchu,12:47
825,7,Miaoli,12:58
825,7,Taichung,13:17
825,7,Changhua,13:30
825,7,Yunlin,13:41
825,7,Chiayi,13:55
825,7,Tainan,14:13
825,7,Zuoying,14:25
829,5,Nangang,13:00
829,5,Taipei,13:11
829,5,Banqiao,13:19
829,5,Taoyuan,13:34
829,5,Hsinchu,13:47
829,5,Miaoli,13:58
829,5,Taichung,14:17
829,5,Changhua,14:30
829,5,Yunlin,14:41
829,5,Chiayi,14:55
829,5,Tainan,15:13
829,5,Zuoying,15:25
829,6,Nangang,13:00
829,6,Taipei,13:11
829,6,Banqiao,13:19
829,6,Taoyuan,13:34
829,6,Hsinchu,13:47
829,6,Miaoli,13:58
829,6,Taichung,14:17
829,6,Changhua,14:30
829,6,Yunlin,14:41
829,6,Chiayi,14:55
829,6,Tainan,15:13
829,6,Zuoying,15:25
829,7,Nangang,13:00
829,7,Taipei,13:11
829,7,Banqiao,13:19
829,7,Taoyuan,13:34
829,7,Hsinchu,13:47
829,7,Miaoli,13:58
829,7,Taichung,14:17
829,7,Changhua,14:30
829,7,Yunlin,14:41
829,7,Chiayi,14:55
829,7,Tainan,15:13
829,7,Zuoying,15:25
833,1,Nangang,14:00
833,1,Taipei,14:11
833,1,Banqiao,14:19
833,1,Taoyuan,14:34
833,1,Hsinchu,14:47
833,1,Miaoli,14:58
833,1,Taichung,15:17
833,1,Changhua,15:30
833,1,Yunlin,15:41
833,1,Chiayi,15:55
833,1,Tainan,16:13
833,1,Zuoying,16:25
833,2,Nangang,14:00
833,2,Taipei,14:11
833,2,Banqiao,14:19
833,2,Taoyuan,14:34
833,2,Hsinchu,14:47
833,2,Miaoli,14:58
833,2,Taichung,15:17
833,2,Changhua,15:30
833,2,Yunlin,15:41
833,2,Chiayi,15:55
833,2,Tainan,16:13
833,2,Zuoying,16:25
833,3,Nangang,14:00
833,3,Taipei,14:11
833,3,Banqiao,14:19
833,3,Taoyuan,14:34
833,3,Hsinchu,14:47
833,3,Miaoli,14:58
833,3,Taichung,15:17
833,3,Changhua,15:30
833,3,Yunlin,15:41
833,3,Chiayi,15:55
833,3,Tainan,16:13
833,3,Zuoying,16:25
833,4,Nangang,14:00
833,4,Taipei,14:11
833,4,Banqiao,14:19
833,4,Taoyuan,14:34
833,4,Hsinchu,14:47
833,4,Miaoli,14:58
833,4,Taichung,15:17
833,4,Changhua,15:30
833,4,Yunlin,15:41
833,4,Chiayi,15:55
833,4,Tainan,16:13
833,4,Zuoying,16:25
833,5,Nangang,14:00
833,5,Taipei,14:11
833,5,Banqiao,14:19
833,5,Taoyuan,14:34
833,5,Hsinchu,14:47
833,5,Miaoli,14:58
833,5,Taichung,15:17
833,5,Changhua,15:30
833,5,Yunlin,15:41
833,5,Chiayi,15:55
833,5,Tainan,16:13
833,5,Zuoying,16:25
833,6,Nangang,14:00
833,6,Taipei,14:11
833,6,Banqiao,14:19
833,6,Taoyuan,14:34
833,6,Hsinchu,14:47
833,6,Miaoli,14:58
833,6,Taichung,15:17
833,6,Changhua,15:30
833,6,Yunlin,15:41
833,6,Chiayi,15:55
833,6,Tainan,16:13
833,6,Zuoying,16:25
833,7,Nangang,14:00
833,7,Taipei,14:11
833,7,Banqiao,14:19
833,7,Taoyuan,14:34
833,7,Hsinchu,14:47
833,7,Miaoli,14:58
833,7,Taichung,15:17
833,7,Changhua,15:30
833,7,Yunlin,15:41
833,7,Chiayi,15:55
833,7,Tainan,16:13
833,7,Zuoying,16:25
837,1,Nangang,15:00
837,1,Taipei,15:11
837,1,Banqiao,15:19
837,1,Taoyuan,15:34
837,1,Hsinchu,15:47
837,1,Miaoli,15:58
837,1,Taichung,16:17
837,1,Changhua,16:30
837,1,Yunlin,16:41
837,1,Chiayi,16:55
837,1,Tainan,17:13
837,1,Zuoying,17:25
837,2,Nangang,15:00
837,2,Taipei,15:11
837,2,Banqiao,15:19
837,2,Taoyuan,15:34
837,2,Hsinchu,15:47
837,2,Miaoli,15:58
837,2,Taichung,16:17
837,2,Changhua,16:30
837,2,Yunlin,16:41
837,2,Chiayi,16:55
837,2,Tainan,17:13
837,2,Zuoying,17:25
837,3,Nangang,15:00
837,3,Taipei,15:11
837,3,Banqiao,15:19
837,3,Taoyuan,15:34
837,3,Hsinchu,15:47
837,3,Miaoli,15:58
837,3,Taichung,16:17
837,3,Changhua,16:30
837,3,Yunlin,16:41
837,3,Chiayi,16:55
837,3,Tainan,17:13
837,3,Zuoying,17:25
837,4,Nangang,15:00
837,4,Taipei,15:11
837,4,Banqiao,15:19
837,4,Taoyuan,15:34
837,4,Hsinchu,15:47
837,4,Miaoli,15:58
837,4,Taichung,16:17
837,4,Changhua,16:30
837,4,Yunlin,16:41
837,4,Chiayi,16:55
837,4,Tainan,17:13
837,4,Zuoying,17:25
837,5,Nangang,15:00
837,5,Taipei,15:11
837,5,Banqiao,15:19
837,5,Taoyuan,15:34
837,5,Hsinchu,15:47
837,5,Miaoli,15:58
837,5,Taichung,16:17
837,5,Changhua,16:30
837,5,Yunlin,16:41
837,5,Chiayi,16:55
837,5,Tainan,17:13
837,5,Zuoying,17:25
837,6,Nangang,15:00
837,6,Taipei,15:11
837,6,Banqiao,15:19
837,6,Taoyuan,15:34
837,6,Hsinchu,15:47
837,6,Miaoli,15:58
837,6,Taichung,16:17
837,6,Changhua,16:30
837,6,Yunlin,16:41
837,6,Chiayi,16:55
837,6,Tainan,17:13
837,6,Zuoying,17:25
837,7,Nangang,15:00
837,7,Taipei,15:11
837,7,Banqiao,15:19
837,7,Taoyuan,15:34
837,7,Hsinchu,15:47
837,7,Miaoli,15:58
837,7,Taichung,16:17
837,7,Changhua,16:30
837,7,Yunlin,16:41
837,7,Chiayi,16:55
837,7,Tainan,17:13
837,7,Zuoying,17:25
841,1,Nangang,16:00
841,1,Taipei,16:11
841,1,Banqiao,16:19
841,1,Taoyuan,16:34
841,1,Hsinchu,16:47
841,1,Miaoli,16:58
841,1,Taichung,17:17
841,1,Changhua,17:30
841,1,Yunlin,17:41
841,1,Chiayi,17:55
841,1,Tainan,18:13
841,1,Zuoying,18:25
841,2,Nangang,16:00
841,2,Taipei,16:11
841,2,Banqiao,16:19
841,2,Taoyuan,16:34
841,2,Hsinchu,16:47
841,2,Miaoli,16:58
841,2,Taichung,17:17
841,2,Changhua,17:30
841,2,Yunlin,17:41
841,2,Chiayi,17:55
841,2,Tainan,18:13
841,2,Zuoying,18:25
841,3,Nangang,16:00
841,3,Taipei,16:11
841,3,Banqiao,16:19
841,3,Taoyuan,16:34
841,3,Hsinchu,16:47
841,3,Miaoli,16:58
841,3,Taichung,17:17
841,3,Changhua,17:30
841,3,Yunlin,17:41
841,3,Chiayi,17:55
841,3,Tainan,18:13
841,3,Zuoying,18:25
841,4,Nangang,16:00
841,4,Taipei,16:11
841,4,Banqiao,16:19
841,4,Taoyuan,16:34
841,4,Hsinchu,16:47
841,4,Miaoli,16:58
841,4,Taichung,17:17
841,4,Changhua,17:30
841,4,Yunlin,17:41
841,4,Chiayi,17:55
841,4,Tainan,18:13
841,4,Zuoying,18:25
841,5,Nangang,16:00
841,5,Taipei,16:11
841,5,Banqiao,16:19
841,5,Taoyuan,16:34
841,5,Hsinchu,16:47
841,5,Miaoli,16:58
841,5,Taichung,17:17
841,5,Changhua,17:30
841,5,Yunlin,17:41
841,5,Chiayi,17:55
841,5,Tainan,18:13
841,5,Zuoying,18:25
845,1,Nangang,17:00
845,1,Taipei,17:11
845,1,Banqiao,17:19
845,1,Taoyuan,17:34
845,1,Hsinchu,17:47
845,1,Miaoli,17:58
845,1,Taichung,18:17
845,1,Changhua,18:30
845,1,Yunlin,18:41
845,1,Chiayi,18:55
845,1,Tainan,19:13
845,1,Zuoying,19:25
845,2,Nangang,17:00
845,2,Taipei,17:11
845,2,Banqiao,17:19
845,2,Taoyuan,17:34
845,2,Hsinchu,17:47
845,2,Miaoli,17:58
845,2,Taichung,18:17
845,2,Changhua,18:30
845,2,Yunlin,18:41
845,2,Chiayi,18:55
845,2,Tainan,19:13
845,2,Zuoying,19:25
845,3,Nangang,17:00
845,3,Taipei,17:11
845,3,Banqiao,17:19
845,3,Taoyuan,17:34
845,3,Hsinchu,17:47
845,3,Miaoli,17:58
845,3,Taichung,18:17
845,3,Changhua,18:30
845,3,Yunlin,18:41
845,3,Chiayi,18:55
845,3,Tainan,19:13
845,3,Zuoying,19:25
845,4,Nangang,17:00
845,4,Taipei,17:11
845,4,Banqiao,17:19
845,4,Taoyuan,17:34
845,4,Hsinchu,17:47
845,4,Miaoli,17:58
845,4,Taichung,18:17
845,4,Changhua,18:30
845,4,Yunlin,18:41
845,4,Chiayi,18:55
845,4,Tainan,19:13
845,4,Zuoying,19:25
845,5,Nangang,17:00
845,5,Taipei,17:11
845,5,Banqiao,17:19
845,5,Taoyuan,17:34
845,5,Hsinchu,17:47
845,5,Miaoli,17:58
845,5,Taichung,18:17
845,5,Changhua,18:30
845,5,Yunlin,18:41
845,5,Chiayi,18:55
845,5,Tainan,19:13
845,5,Zuoying,19:25
845,6,Nangang,17:00
845,6,Taipei,17:11
845,6,Banqiao,17:19
845,6,Taoyuan,17:34
845,6,Hsinchu,17:47
845,6,Miaoli,17:58
845,6,Taichung,18:17
845,6,Changhua,18:30
845,6,Yunlin,18:41
845,6,Chiayi,18:55
845,6,Tainan,19:13
845,6,Zuoying,19:25
845,7,Nangang,17:00
845,7,Taipei,17:11
845,7,Banqiao,17:19
845,7,Taoyuan,17:34
845,7,Hsinchu,17:47
845,7,Miaoli,17:58
845,7,Taichung,18:17
845,7,Changhua,18:30
845,7,Yunlin,18:41
845,7,Chiayi,18:55
845,7,Tainan,19:13
845,7,Zuoying,19:25
849,1,Nangang,18:00
849,1,Taipei,18:11
849,1,Banqiao,18:19
849,1,Taoyuan,18:34
849,1,Hsinchu,18:47
849,1,Miaoli,18:58
849,1,Taichung,19:17
849,1,Changhua,19:30
849,1,Yunlin,19:41
849,1,Chiayi,19:55
849,1,Tainan,20:13
849,1,Zuoying,20:25
849,2,Nangang,18:00
849,2,Taipei,18:11
849,2,Banqiao,18:19
849,2,Taoyuan,18:34
849,2,Hsinchu,18:47
849,2,Miaoli,18:58
849,2,Taichung,19:17
849,2,Changhua,19:30
849,2,Yunlin,19:41
849,2,Chiayi,19:55
849,2,Tainan,20:13
849,2,Zuoying,20:25
849,3,Nangang,18:00
849,3,Taipei,18:11
849,3,Banqiao,18:19
849,3,Taoyuan,18:34
849,3,Hsinchu,18:47
849,3,Miaoli,18:58
849,3,Taichung,19:17
849,3,Changhua,19:30
849,3,Yunlin,19:41
849,3,Chiayi,19:55
849,3,Tainan,20:13
849,3,Zuoying,20:25
849,4,Nangang,18:00
849,4,Taipei,18:11
849,4,Banqiao,18:19
849,4,Taoyuan,18:34
849,4,Hsinchu,18:47
849,4,Miaoli,18:58
849,4,Taichung,19:17
849,4,Changhua,19:30
849,4,Yunlin,19:41
849,4,Chiayi,19:55
849,4,Tainan,20:13
849,4,Zuoying,20:25
849,5,Nangang,18:00
849,5,Taipei,18:11
849,5,Banqiao,18:19
849,5,Taoyuan,18:34
849,5,Hsinchu,18:47
849,5,Miaoli,18:58
849,5,Taichung,19:17
849,5,Changhua,19:30
849,5,Yunlin,19:41
849,5,Chiayi,19:55
849,5,Tainan,20:13
849,5,Zuoying,20:25
849,6,Nangang,18:00
849,6,Taipei,18:11
849,6,Banqiao,18:19
849,6,Taoyuan,18:34
849,6,Hsinchu,18:47
849,6,Miaoli,18:58
849,6,Taichung,19:17
849,6,Changhua,19:30
849,6,Yunlin,19:41
849,6,Chiayi,19:55
849,6,Tainan,20:13
849,6,Zuoying,20:25
849,7,Nangang,18:00
849,7,Taipei,18:11
849,7,Banqiao,18:19
849,7,Taoyuan,18:34
849,7,Hsinchu,18:47
849,7,Miaoli,18:58
849,7,Taichung,19:17
849,7,Changhua,19:30
849,7,Yunlin,19:41
849,7,Chiayi,19:55
849,7,Tainan,20:13
849,7,Zuoying,20:25
853,1,Nangang,19:00
853,1,Taipei,19:11
853,1,Banqiao,19:19
853,1,Taoyuan,19:34
853,1,Hsinchu,19:47
853,1,Miaoli,19:58
853,1,Taichung,20:17
853,1,Changhua,20:30
853,1,Yunlin,20:41
853,1,Chiayi,20:55
853,1,Tainan,21:13
853,1,Zuoying,21:25
853,2,Nangang,19:00
853,2,Taipei,19:11
853,2,Banqiao,19:19
853,2,Taoyuan,19:34
853,2,Hsinchu,19:47
853,2,Miaoli,19:58
853,2,Taichung,20:17
853,2,Changhua,20:30
853,2,Yunlin,20:41
853,2,Chiayi,20:55
853,2,Tainan,21:13
853,2,Zuoying,21:25
853,3,Nangang,19:00
853,3,Taipei,19:11
853,3,Banqiao,19:19
853,3,Taoyuan,19:34
853,3,Hsinchu,19:47
853,3,Miaoli,19:58
853,3,Taichung,20:17
853,3,Changhua,20:30
853,3,Yunlin,20:41
853,3,Chiayi,20:55
853,3,Tainan,21:13
853,3,Zuoying,21:25
853,4,Nangang,19:00
853,4,Taipei,19:11
853,4,Banqiao,19:19
853,4,Taoyuan,19:34
853,4,Hsinchu,19:47
853,4,Miaoli,19:58
853,4,Taichung,20:17
853,4,Changhua,20:30
853,4,Yunlin,20:41
853,4,Chiayi,20:55
853,4,Tainan,21:13
853,4,Zuoying,21:25
853,5,Nangang,19:00
853,5,Taipei,19:11
853,5,Banqiao,19:19
853,5,Taoyuan,19:34
853,5,Hsinchu,19:47
853,5,Miaoli,19:58
853,5,Taichung,20:17
853,5,Changhua,20:30
853,5,Yunlin,20:41
853,5,Chiayi,20:55
853,5,Tainan,21:13
853,5,Zuoying,21:25
853,6,Nangang,19:00
853,6,Taipei,19:11
853,6,Banqiao,19:19
853,6,Taoyuan,19:34
853,6,Hsinchu,19:47
853,6,Miaoli,19:58
853,6,Taichung,20:17
853,6,Changhua,20:30
853,6,Yunlin,20:41
853,6,Chiayi,20:55
853,6,Tainan,21:13
853,6,Zuoying,21:25
853,7,Nangang,19:00
853,7,Taipei,19:11
853,7,Banqiao,19:19
853,7,Taoyuan,19:34
853,7,Hsinchu,19:47
853,7,Miaoli,19:58
853,7,Taichung,20:17
853,7,Changhua,20:30
853,7,Yunlin,20:41
853,7,Chiayi,20:55
853,7,Tainan,21:13
853,7,Zuoying,21:25
857,1,Nangang,20:00
857,1,Taipei,20:11
857,1,Banqiao,20:19
857,1,Taoyuan,20:34
857,1,Hsinchu,20:47
857,1,Miaoli,20:58
857,1,Taichung,21:17
857,1,Changhua,21:30
857,1,Yunlin,21:41
857,1,Chiayi,21:55
857,1,Tainan,22:13
857,1,Zuoying,22:25
857,2,Nangang,20:00
857,2,Taipei,20:11
857,2,Banqiao,20:19
857,2,Taoyuan,20:34
857,2,Hsinchu,20:47
857,2,Miaoli,20:58
857,2,Taichung,21:17
857,2,Changhua,21:30
857,2,Yunlin,21:41
857,2,Chiayi,21:55
857,2,Tainan,22:13
857,2,Zuoying,22:25
857,3,Nangang,20:00
857,3,Taipei,20:11
857,3,Banqiao,20:19
857,3,Taoyuan,20:34
857,3,Hsinchu,20:47
857,3,Miaoli,20:58
857,3,Taichung,21:17
857,3,Changhua,21:30
857,3,Yunlin,21:41
857,3,Chiayi,21:55
857,3,Tainan,22:13
857,3,Zuoying,22:25
857,4,Nangang,20:00
857,4,Taipei,20:11
857,4,Banqiao,20:19
857,4,Taoyuan,20:34
857,4,Hsinchu,20:47
857,4,Miaoli,20:58
857,4,Taichung,21:17
857,4,Changhua,21:30
857,4,Yunlin,21:41
857,4,Chiayi,21:55
857,4,Tainan,22:13
857,4,Zuoying,22:25
857,5,Nangang,20:00
857,5,Taipei,20:11
857,5,Banqiao,20:19
857,5,Taoyuan,20:34
857,5,Hsinchu,20:47
857,5,Miaoli,20:58
857,5,Taichung,21:17
857,5,Changhua,21:30
857,5,Yunlin,21:41
857,5,Chiayi,21:55
857,5,Tainan,22:13
857,5,Zuoying,22:25
861,1,Nangang,21:00
861,1,Taipei,21:11
861,1,Banqiao,21:19
861,1,Taoyuan,21:34
861,1,Hsinchu,21:47
861,1,Miaoli,21:58
861,1,Taichung,22:17
861,1,Changhua,22:30
861,1,Yunlin,22:41
861,1,Chiayi,22:55
861,1,Tainan,23:13
861,1,Zuoying,23:25
861,3,Nangang,21:00
861,3,Taipei,21:11
861,3,Banqiao,21:19
861,3,Taoyuan,21:34
861,3,Hsinchu,21:47
861,3,Miaoli,21:58
861,3,Taichung,22:17
861,3,Changhua,22:30
861,3,Yunlin,22:41
861,3,Chiayi,22:55
861,3,Tainan,23:13
861,3,Zuoying,23:25
861,5,Nangang,21:00
861,5,Taipei,21:11
861,5,Banqiao,21:19
861,5,Taoyuan,21:34
861,5,Hsinchu,21:47
861,5,Miaoli,21:58
861,5,Taichung,22:17
861,5,Changhua,22:30
861,5,Yunlin,22:41
861,5,Chiayi,22:55
861,5,Tainan,23:13
861,5,Zuoying,23:25
861,7,Nangang,21:00
861,7,Taipei,21:11
861,7,Banqiao,21:19
861,7,Taoyuan,21:34
861,7,Hsinchu,21:47
861,7,Miaoli,21:58
861,7,Taichung,22:17
861,7,Changhua,22:30
861,7,Yunlin,22:41
861,7,Chiayi,22:55
861,7,Tainan,23:13
861,7,Zuoying,23:25
1209,1,Nangang,8:40
1209,1,Taipei,8:51
1209,1,Banqiao,8:59
1209,1,Taichung,9:40
1209,1,Tainan,10:18
1209,1,Zuoying,10:30
1209,2,Nangang,8:40
1209,2,Taipei,8:51
1209,2,Banqiao,8:59
1209,2,Taichung,9:40
1209,2,Tainan,10:18
1209,2,Zuoying,10:30
1209,5,Nangang,8:40
1209,5,Taipei,8:51
1209,5,Banqiao,8:59
1209,5,Taichung,9:40
1209,5,Tainan,10:18
1209,5,Zuoying,10:30
1209,6,Nangang,8:40
1209,6,Taipei,8:51
1209,6,Banqiao,8:59
1209,6,Taichung,9:40
1209,6,Tainan,10:18
1209,6,Zuoying,10:30
1209,7,Nangang,8:40
1209,7,Taipei,8:51
1209,7,Banqiao,8:59
1209,7,Taichung,9:40
1209,7,Tainan,10:18
1209,7,Zuoying,10:30
1213,1,Nangang,9:40
1213,1,Taipei,9:51
1213,1,Banqiao,9:59
1213,1,Taichung,10:40
1213,1,Tainan,11:18
1213,1,Zuoying,11:30
1213,4,Nangang,9:40
1213,4,Taipei,9:51
1213,4,Banqiao,9:59
1213,4,Taichung,10:40
1213,4,Tainan,11:18
1213,4,Zuoying,11:30
1213,6,Nangang,9:40
1213,6,Taipei,9:51
1213,6,Banqiao,9:59
1213,6,Taichung,10:40
1213,6,Tainan,11:18
1213,6,Zuoying,11:30
1213,7,Nangang,9:40
1213,7,Taipei,9:51
1213,7,Banqiao,9:59
1213,7,Taichung,10:40
1213,7,Tainan,11:18
1213,7,Zuoying,11:30
1217,1,Nangang,10:40
1217,1,Taipei,10:51
1217,1,Banqiao,10:59
1217,1,Taichung,11:40
1217,1,Tainan,12:18
1217,1,Zuoying,12:30
1217,2,Nangang,10:40
1217,2,Taipei,10:51
1217,2,Banqiao,10:59
1217,2,Taichung,11:40
1217,2,Tainan,12:18
1217,2,Zuoying,12:30
1217,4,Nangang,10:40
1217,4,Taipei,10:51
1217,4,Banqiao,10:59
1217,4,Taichung,11:40
1217,4,Tainan,12:18
1217,4,Zuoying,12:30
1217,5,Nangang,10:40
1217,5,Taipei,10:51
1217,5,Banqiao,10:59
1217,5,Taichung,11:40
1217,5,Tainan,12:18
1217,5,Zuoying,12:30
1217,6,Nangang,10:40
1217,6,Taipei,10:51
1217,6,Banqiao,10:59
1217,6,Taichung,11:40
1217,6,Tainan,12:18
1217,6,Zuoying,12:30
1217,7,Nangang,10:40
1217,7,Taipei,10:51
1217,7,Banqiao,10:59
1217,7,Taichung,11:40
1217,7,Tainan,12:18
1217,7,Zuoying,12:30
1237,1,Nangang,15:40
1237,1,Taipei,15:51
1237,1,Banqiao,15:59
1237,1,Taichung,16:40
1237,1,Tainan,17:18
1237,1,Zuoying,17:30
1237,2,Nangang,15:40
1237,2,Taipei,15:51
1237,2,Banqiao,15:59
1237,2,Taichung,16:40
1237,2,Tainan,17:18
1237,2,Zuoying,17:30
1237,3,Nangang,15:40
1237,3,Taipei,15:51
1237,3,Banqiao,15:59
1237,3,Taichung,16:40
1237,3,Tainan,17:18
1237,3,Zuoying,17:30
1237,4,Nangang,15:40
1237,4,Taipei,15:51
1237,4,Banqiao,15:59
1237,4,Taichung,16:40
1237,4,Tainan,17:18
1237,4,Zuoying,17:30
1237,5,Nangang,15:40
1237,5,Taipei,15:51
1237,5,Banqiao,15:59
1237,5,Taichung,16:40
1237,5,Tainan,17:18
1237,5,Zuoying,17:30
1237,6,Nangang,15:40
1237,6,Taipei,15:51
1237,6,Banqiao,15:59
1237,6,Taichung,16:40
1237,6,Tainan,17:18
1237,6,Zuoying,17:30
1237,7,Nangang,15:40
1237,7,Taipei,15:51
1237,7,Banqiao,15:59
1237,7,Taichung,16:40
1237,7,Tainan,17:18
1237,7,Zuoying,17:30
1241,1,Nangang,16:40
1241,1,Taipei,16:51
1241,1,Banqiao,16:59
1241,1,Taichung,17:40
1241,1,Tainan,18:18
1241,1,Zuoying,18:30
1241,2,Nangang,16:40
1241,2,Taipei,16:51
1241,2,Banqiao,16:59
1241,2,Taichung,17:40
1241,2,Tainan,18:18
1241,2,Zuoying,18:30
1241,3,Nangang,16:40
1241,3,Taipei,16:51
1241,3,Banqiao,16:59
1241,3,Taichung,17:40
1241,3,Tainan,18:18
1241,3,Zuoying,18:30
1241,4,Nangang,16:40
1241,4,Taipei,16:51
1241,4,Banqiao,16:59
1241,4,Taichung,17:40
1241,4,Tainan,18:18
1241,4,Zuoying,18:30
1241,5,Nangang,16:40
1241,5,Taipei,16:51
1241,5,Banqiao,16:59
1241,5,Taichung,17:40
1241,5,Tainan,18:18
1241,5,Zuoying,18:30
1245,1,Nangang,17:40
1245,1,Taipei,17:51
1245,1,Banqiao,17:59
1245,1,Taichung,18:40
1245,1,Tainan,19:18
1245,1,Zuoying,19:30
1245,2,Nangang,17:40
1245,2,Taipei,17:51
1245,2,Banqiao,17:59
1245,2,Taichung,18:40
1245,2,Tainan,19:18
1245,2,Zuoying,19:30
1245,3,Nangang,17:40
1245,3,Taipei,17:51
1245,3,Banqiao,17:59
1245,3,Taichung,18:40
1245,3,Tainan,19:18
1245,3,Zuoying,19:30
1245,4,Nangang,17:40
1245,4,Taipei,17:51
1245,4,Banqiao,17:59
1245,4,Taichung,18:40
1245,4,Tainan,19:18
1245,4,Zuoying,19:30
1245,5,Nangang,17:40
1245,5,Taipei,17:51
1245,5,Banqiao,17:59
1245,5,Taichung,18:40
1245,5,Tainan,19:18
1245,5,Zuoying,19:30
1253,1,Nangang,19:40
1253,1,Taipei,19:51
1253,1,Banqiao,19:59
1253,1,Taichung,20:40
1253,1,Tainan,21:18
1253,1,Zuoying,21:30
1253,2,Nangang,19:40
1253,2,Taipei,19:51
1253,2,Banqiao,19:59
1253,2,Taichung,20:40
1253,2,Tainan,21:18
1253,2,Zuoying,21:30
1253,4,Nangang,19:40
1253,4,Taipei,19:51
1253,4,Banqiao,19:59
1253,4,Taichung,20:40
1253,4,Tainan,21:18
1253,4,Zuoying,21:30
1253,5,Nangang,19:40
1253,5,Taipei,19:51
1253,5,Banqiao,19:59
1253,5,Taichung,20:40
1253,5,Tainan,21:18
1253,5,Zuoying,21:30
1253,6,Nangang,19:40
1253,6,Taipei,19:51
1253,6,Banqiao,19:59
1253,6,Taichung,20:40
1253,6,Tainan,21:18
1253,6,Zuoying,21:30
1253,7,Nangang,19:40
1253,7,Taipei,19:51
1253,7,Banqiao,19:59
1253,7,Taichung,20:40
1253,7,Tainan,21:18
1253,7,Zuoying,21:30
1257,1,Nangang,20:40
1257,1,Taipei,20:51
1257,1,Banqiao,20:59
1257,1,Taichung,21:40
1257,1,Tainan,22:18
1257,1,Zuoying,22:30
1257,3,Nangang,20:40
1257,3,Taipei,20:51
1257,3,Banqiao,20:59
1257,3,Taichung,21:40
1257,3,Tainan,22:18
1257,3,Zuoying,22:30
1257,5,Nangang,20:40
1257,5,Taipei,20:51
1257,5,Banqiao,20:59
1257,5,Taichung,21:40
1257,5,Tainan,22:18
1257,5,Zuoying,22:30
1305,6,Nangang,7:50
1305,6,Taipei,8:01
1305,6,Taichung,8:54
1305,6,Changhua,9:06
1305,6,Yunlin,9:17
1305,6,Chiayi,9:30
1305,6,Tainan,9:48
1305,6,Zuoying,10:00
1305,7,Nangang,7:50
1305,7,Taipei,8:01
1305,7,Taichung,8:54
1305,7,Changhua,9:06
1305,7,Yunlin,9:17
1305,7,Chiayi,9:30
1305,7,Tainan,9:48
1305,7,Zuoying,10:00
1307,6,Nangang,8:50
1307,6,Taipei,9:01
1307,6,Taoyuan,9:20
1307,6,Taichung,9:54
1307,6,Changhua,10:06
1307,6,Yunlin,10:17
1307,6,Chiayi,10:30
1307,6,Tainan,10:48
1307,6,Zuoying,11:00
1307,7,Nangang,8:50
1307,7,Taipei,9:01
1307,7,Taoyuan,9:20
1307,7,Taichung,9:54
1307,7,Changhua,10:06
1307,7,Yunlin,10:17
1307,7,Chiayi,10:30
1307,7,Tainan,10:48
1307,7,Zuoying,11:00
1309,5,Nangang,9:50
1309,5,Taipei,10:01
1309,5,Taoyuan,10:20
1309,5,Taichung,10:54
1309,5,Changhua,11:06
1309,5,Yunlin,11:17
1309,5,Chiayi,11:30
1309,5,Tainan,11:48
1309,5,Zuoying,12:00
1309,6,Nangang,9:50
1309,6,Taipei,10:01
1309,6,Taoyuan,10:20
1309,6,Taichung,10:54
1309,6,Changhua,11:06
1309,6,Yunlin,11:17
1309,6,Chiayi,11:30
1309,6,Tainan,11:48
1309,6,Zuoying,12:00
1309,7,Nangang,9:50
1309,7,Taipei,10:01
1309,7,Taoyuan,10:20
1309,7,Taichung,10:54
1309,7,Changhua,11:06
1309,7,Yunlin,11:17
1309,7,Chiayi,11:30
1309,7,Tainan,11:48
1309,7,Zuoying,12:00
1321,1,Nangang,15:50
1321,1,Taipei,16:01
1321,1,Taoyuan,16:20
1321,1,Taichung,16:54
1321,1,Changhua,17:06
1321,1,Yunlin,17:17
1321,1,Chiayi,17:30
1321,1,Tainan,17:48
1321,1,Zuoying,18:00
1321,2,Nangang,15:50
1321,2,Taipei,16:01
1321,2,Taoyuan,16:20
1321,2,Taichung,16:54
1321,2,Changhua,17:06
1321,2,Yunlin,17:17
1321,2,Chiayi,17:30
1321,2,Tainan,17:48
1321,2,Zuoying,18:00
1321,3,Nangang,15:50
1321,3,Taipei,16:01
1321,3,Taoyuan,16:20
1321,3,Taichung,16:54
1321,3,Changhua,17:06
1321,3,Yunlin,17:17
1321,3,Chiayi,17:30
1321,3,Tainan,17:48
1321,3,Zuoying,18:00
1321,4,Nangang,15:50
1321,4,Taipei,16:01
1321,4,Taoyuan,16:20
1321,4,Taichung,16:54
1321,4,Changhua,17:06
1321,4,Yunlin,17:17
1321,4,Chiayi,17:30
1321,4,Tainan,17:48
1321,4,Zuoying,18:00
1321,5,Nangang,15:50
1321,5,Taipei,16:01
1321,5,Taoyuan,16:20
1321,5,Taichung,16:54
1321,5,Changhua,17:06
1321,5,Yunlin,17:17
1321,5,Chiayi,17:30
1321,5,Tainan,17:48
1321,5,Zuoying,18:00
1321,6,Nangang,15:50
1321,6,Taipei,16:01
1321,6,Taoyuan,16:20
1321,6,Taichung,16:54
1321,6,Changhua,17:06
1321,6,Yunlin,17:17
1321,6,Chiayi,17:30
1321,6,Tainan,17:48
1321,6,Zuoying,18:00
1321,7,Nangang,15:50
1321,7,Taipei,16:01
1321,7,Taoyuan,16:20
1321,7,Taichung,16:54
1321,7,Changhua,17:06
1321,7,Yunlin,17:17
1321,7,Chiayi,17:30
1321,7,Tainan,17:48
1321,7,Zuoying,18:00
1327,1,Nangang,18:50
1327,1,Taipei,19:01
1327,1,Taoyuan,19:20
1327,1,Taichung,19:54
1327,1,Changhua,20:06
1327,1,Yunlin,20:17
1327,1,Chiayi,20:30
1327,1,Tainan,20:48
1327,1,Zuoying,21:00
1327,2,Nangang,18:50
1327,2,Taipei,19:01
1327,2,Taoyuan,19:20
1327,2,Taichung,19:54
1327,2,Changhua,20:06
1327,2,Yunlin,20:17
1327,2,Chiayi,20:30
1327,2,Tainan,20:48
1327,2,Zuoying,21:00
1327,3,Nangang,18:50
1327,3,Taipei,19:01
1327,3,Taoyuan,19:20
1327,3,Taichung,19:54
1327,3,Changhua,20:06
1327,3,Yunlin,20:17
1327,3,Chiayi,20:30
1327,3,Tainan,20:48
1327,3,Zuoying,21:00
1327,4,Nangang,18:50
1327,4,Taipei,19:01
1327,4,Taoyuan,19:20
1327,4,Taichung,19:54
1327,4,Changhua,20:06
1327,4,Yunlin,20:17
1327,4,Chiayi,20:30
1327,4,Tainan,20:48
1327,4,Zuoying,21:00
1327,5,Nangang,18:50
1327,5,Taipei,19:01
1327,5,Taoyuan,19:20
1327,5,Taichung,19:54
1327,5,Changhua,20:06
1327,5,Yunlin,20:17
1327,5,Chiayi,20:30
1327,5,Tainan,20:48
1327,5,Zuoying,21:00
1327,6,Nangang,18:50
1327,6,Taipei,19:01
1327,6,Taoyuan,19:20
1327,6,Taichung,19:54
1327,6,Changhua,20:06
1327,6,Yunlin,20:17
1327,6,Chiayi,20:30
1327,6,Tainan,20:48
1327,6,Zuoying,21:00
1327,7,Nangang,18:50
1327,7,Taipei,19:01
1327,7,Taoyuan,19:20
1327,7,Taichung,19:54
1327,7,Changhua,20:06
1327,7,Yunlin,20:17
1327,7,Chiayi,20:30
1327,7,Tainan,20:48
1327,7,Zuoying,21:00
1505,1,Nangang,7:25
1505,1,Taipei,7:36
1505,1,Taoyuan,8:01
1505,1,Hsinchu,8:12
1505,1,Miaoli,8:25
1505,1,Taichung,8:42
1505,2,Nangang,7:25
1505,2,Taipei,7:36
1505,2,Taoyuan,8:01
1505,2,Hsinchu,8:12
1505,2,Miaoli,8:25
1505,2,Taichung,8:42
1505,3,Nangang,7:25
1505,3,Taipei,7:36
1505,3,Taoyuan,8:01
1505,3,Hsinchu,8:12
1505,3,Miaoli,8:25
1505,3,Taichung,8:42
1505,4,Nangang,7:25
1505,4,Taipei,7:36
1505,4,Taoyuan,8:01
1505,4,Hsinchu,8:12
1505,4,Miaoli,8:25
1505,4,Taichung,8:42
1505,5,Nangang,7:25
1505,5,Taipei,7:36
1505,5,Taoyuan,8:01
1505,5,Hsinchu,8:12
1505,5,Miaoli,8:25
1505,5,Taichung,8:42
1509,1,Nangang,8:25
1509,1,Taipei,8:36
1509,1,Banqiao,8:46
1509,1,Taoyuan,9:01
1509,1,Hsinchu,9:12
1509,1,Miaoli,9:25
1509,1,Taichung,9:42
1509,2,Nangang,8:25
1509,2,Taipei,8:36
1509,2,Banqiao,8:46
1509,2,Taoyuan,9:01
1509,2,Hsinchu,9:12
1509,2,Miaoli,9:25
1509,2,Taichung,9:42
1509,3,Nangang,8:25
1509,3,Taipei,8:36
1509,3,Banqiao,8:46
1509,3,Taoyuan,9:01
1509,3,Hsinchu,9:12
1509,3,Miaoli,9:25
1509,3,Taichung,9:42
1509,4,Nangang,8:25
1509,4,Taipei,8:36
1509,4,Banqiao,8:46
1509,4,Taoyuan,9:01
1509,4,Hsinchu,9:12
1509,4,Miaoli,9:25
1509,4,Taichung,9:42
1509,5,Nangang,8:25
1509,5,Taipei,8:36
1509,5,Banqiao,8:46
1509,5,Taoyuan,9:01
1509,5,Hsinchu,9:12
1509,5,Miaoli,9:25
1509,5,Taichung,9:42
1509,6,Nangang,8:25
1509,6,Taipei,8:36
1509,6,Banqiao,8:46
1509,6,Taoyuan,9:01
1509,6,Hsinchu,9:12
1509,6,Miaoli,9:25
1509,6,Taichung,9:42
1509,7,Nangang,8:25
1509,7,Taipei,8:36
1509,7,Banqiao,8:46
1509,7,Taoyuan,9:01
1509,7,Hsinchu,9:12
1509,7,Miaoli,9:25
1509,7,Taichung,9:42
1513,1,Nangang,9:25
1513,1,Taipei,9:36
1513,1,Banqiao,9:46
1513,1,Taoyuan,10:01
1513,1,Hsinchu,10:12
1513,1,Miaoli,10:25
1513,1,Taichung,10:42
1513,2,Nangang,9:25
1513,2,Taipei,9:36
1513,2,Banqiao,9:46
1513,2,Taoyuan,10:01
1513,2,Hsinchu,10:12
1513,2,Miaoli,10:25
1513,2,Taichung,10:42
1513,3,Nangang,9:25
1513,3,Taipei,9:36
1513,3,Banqiao,9:46
1513,3,Taoyuan,10:01
1513,3,Hsinchu,10:12
1513,3,Miaoli,10:25
1513,3,Taichung,10:42
1513,4,Nangang,9:25
1513,4,Taipei,9:36
1513,4,Banqiao,9:46
1513,4,Taoyuan,10:01
1513,4,Hsinchu,10:12
1513,4,Miaoli,10:25
1513,4,Taichung,10:42
1513,5,Nangang,9:25
1513,5,Taipei,9:36
1513,5,Banqiao,9:46
1513,5,Taoyuan,10:01
1513,5,Hsinchu,10:12
1513,5,Miaoli,10:25
1513,5,Taichung,10:42
1513,6,Nangang,9:25
1513,6,Taipei,9:36
1513,6,Banqiao,9:46
1513,6,Taoyuan,10:01
1513,6,Hsinchu,10:12
1513,6,Miaoli,10:25
1513,6,Taichung,10:42
1513,7,Nangang,9:25
1513,7,Taipei,9:36
1513,7,Banqiao,9:46
1513,7,Taoyuan,10:01
1513,7,Hsinchu,10:12
1513,7,Miaoli,10:25
1513,7,Taichung,10:42
1541,1,Nangang,16:25
1541,1,Taipei,16:36
1541,1,Banqiao,16:46
1541,1,Taoyuan,17:01
1541,1,Hsinchu,17:12
1541,1,Miaoli,17:25
1541,1,Taichung,17:42
1541,2,Nangang,16:25
1541,2,Taipei,16:36
1541,2,Banqiao,16:46
1541,2,Taoyuan,17:01
1541,2,Hsinchu,17:12
1541,2,Miaoli,17:25
1541,2,Taichung,17:42
1541,3,Nangang,16:25
1541,3,Taipei,16:36
1541,3,Banqiao,16:46
1541,3,Taoyuan,17:01
1541,3,Hsinchu,17:12
1541,3,Miaoli,17:25
1541,3,Taichung,17:42
1541,4,Nangang,16:25
1541,4,Taipei,16:36
1541,4,Banqiao,16:46
1541,4,Taoyuan,17:01
1541,4,Hsinchu,17:12
1541,4,Miaoli,17:25
1541,4,Taichung,17:42
1541,5,Nangang,16:25
1541,5,Taipei,16:36
1541,5,Banqiao,16:46
1541,5,Taoyuan,17:01
1541,5,Hsinchu,17:12
1541,5,Miaoli,17:25
1541,5,Taichung,17:42
1541,6,Nangang,16:25
1541,6,Taipei,16:36
1541,6,Banqiao,16:46
1541,6,Taoyuan,17:01
1541,6,Hsinchu,17:12
1541,6,Miaoli,17:25
1541,6,Taichung,17:42
1541,7,Nangang,16:25
1541,7,Taipei,16:36
1541,7,Banqiao,16:46
1541,7,Taoyuan,17:01
1541,7,Hsinchu,17:12
1541,7,Miaoli,17:25
1541,7,Taichung,17:42
1545,1,Nangang,17:25
1545,1,Taipei,17:36
1545,1,Banqiao,17:46
1545,1,Taoyuan,18:01
1545,1,Hsinchu,18:12
1545,1,Miaoli,18:25
1545,1,Taichung,18:42
1545,2,Nangang,17:25
1545,2,Taipei,17:36
1545,2,Banqiao,17:46
1545,2,Taoyuan,18:01
1545,2,Hsinchu,18:12
1545,2,Miaoli,18:25
1545,2,Taichung,18:42
1545,3,Nangang,17:25
1545,3,Taipei,17:36
1545,3,Banqiao,17:46
1545,3,Taoyuan,18:01
1545,3,Hsinchu,18:12
1545,3,Miaoli,18:25
1545,3,Taichung,18:42
1545,4,Nangang,17:25
1545,4,Taipei,17:36
1545,4,Banqiao,17:46
1545,4,Taoyuan,18:01
1545,4,Hsinchu,18:12
1545,4,Miaoli,18:25
1545,4,Taichung,18:42
1545,5,Nangang,17:25
1545,5,Taipei,17:36
1545,5,Banqiao,17:46
1545,5,Taoyuan,18:01
1545,5,Hsinchu,18:12
1545,5,Miaoli,18:25
1545,5,Taichung,18:42
1549,1,Nangang,18:25
1549,1,Taipei,18:36
1549,1,Banqiao,18:46
1549,1,Taoyuan,19:01
1549,1,Hsinchu,19:12
1549,1,Miaoli,19:25
1549,1,Taichung,19:42
1549,3,Nangang,18:25
1549,3,Taipei,18:36
1549,3,Banqiao,18:46
1549,3,Taoyuan,19:01
1549,3,Hsinchu,19:12
1549,3,Miaoli,19:25
1549,3,Taichung,19:42
1549,5,Nangang,18:25
1549,5,Taipei,18:36
1549,5,Banqiao,18:46
1549,5,Taoyuan,19:01
1549,5,Hsinchu,19:12
1549,5,Miaoli,19:25
1549,5,Taichung,19:42
1549,7,Nangang,18:25
1549,7,Taipei,18:36
1549,7,Banqiao,18:46
1549,7,Taoyuan,19:01
1549,7,Hsinchu,19:12
1549,7,Miaoli,19:25
1549,7,Taichung,19:42
1553,1,Nangang,19:25
1553,1,Taipei,19:36
1553,1,Banqiao,19:46
1553,1,Taoyuan,20:01
1553,1,Hsinchu,20:12
1553,1,Miaoli,20:25
1553,1,Taichung,20:42
1553,2,Nangang,19:25
1553,2,Taipei,19:36
1553,2,Banqiao,19:46
1553,2,Taoyuan,20:01
1553,2,Hsinchu,20:12
1553,2,Miaoli,20:25
1553,2,Taichung,20:42
1553,5,Nangang,19:25
1553,5,Taipei,19:36
1553,5,Banqiao,19:46
1553,5,Taoyuan,20:01
1553,5,Hsinchu,20:12
1553,5,Miaoli,20:25
1553,5,Taichung,20:42
1553,6,Nangang,19:25
1553,6,Taipei,19:36
1553,6,Banqiao,19:46
1553,6,Taoyuan,20:01
1553,6,Hsinchu,20:12
1553,6,Miaoli,20:25
1553,6,Taichung,20:42
1553,7,Nangang,19:25
1553,7,Taipei,19:36
1553,7,Banqiao,19:46
1553,7,Taoyuan,20:01
1553,7,Hsinchu,20:12
1553,7,Miaoli,20:25
1553,7,Taichung,20:42
1557,1,Nangang,20:25
1557,1,Taipei,20:36
1557,1,Banqiao,20:46
1557,1,Taoyuan,21:01
1557,1,Hsinchu,21:12
1557,1,Miaoli,21:25
1557,1,Taichung,21:42
1557,4,Nangang,20:25
1557,4,Taipei,20:36
1557,4,Banqiao,20:46
1557,4,Taoyuan,21:01
1557,4,Hsinchu,21:12
1557,4,Miaoli,21:25
1557,4,Taichung,21:42
1557,6,Nangang,20:25
1557,6,Taipei,20:36
1557,6,Banqiao,20:46
1557,6,Taoyuan,21:01
1557,6,Hsinchu,21:12
1557,6,Miaoli,21:25
1557,6,Taichung,21:42
1557,7,Nangang,20:25
1557,7,Taipei,20:36
1557,7,Banqiao,20:46
1557,7,Taoyuan,21:01
1557,7,Hsinchu,21:12
1557,7,Miaoli,21:25
1557,7,Taichung,21:42
1563,1,Nangang,21:55
1563,1,Taipei,22:05
1563,1,Banqiao,22:14
1563,1,Taoyuan,22:27
1563,1,Hsinchu,22:38
1563,1,Miaoli,22:52
1563,1,Taichung,23:10
1563,2,Nangang,21:55
1563,2,Taipei,22:05
1563,2,Banqiao,22:14
1563,2,Taoyuan,22:27
1563,2,Hsinchu,22:38
1563,2,Miaoli,22:52
1563,2,Taichung,23:10
1563,4,Nangang,21:55
1563,4,Taipei,22:05
1563,4,Banqiao,22:14
1563,4,Taoyuan,22:27
1563,4,Hsinchu,22:38
1563,4,Miaoli,22:52
1563,4,Taichung,23:10
1563,5,Nangang,21:55
1563,5,Taipei,22:05
1563,5,Banqiao,22:14
1563,5,Taoyuan,22:27
1563,5,Hsinchu,22:38
1563,5,Miaoli,22:52
1563,5,Taichung,23:10
1563,6,Nangang,21:55
1563,6,Taipei,22:05
1563,6,Banqiao,22:14
1563,6,Taoyuan,22:27
1563,6,Hsinchu,22:38
1563,6,Miaoli,22:52
1563,6,Taichung,23:10
1563,7,Nangang,21:55
1563,7,Taipei,22:05
1563,7,Banqiao,22:14
1563,7,Taoyuan,22:27
1563,7,Hsinchu,22:38
1563,7,Miaoli,22:52
1563,7,Taichung,23:10
1607,1,Nangang,7:10
1607,1,Taipei,7:21
1607,1,Banqiao,7:29
1607,1,Taoyuan,7:43
1607,1,Hsinchu,7:56
1607,1,Taichung,8:25
1607,1,Chiayi,8:50
1607,1,Tainan,9:07
1607,1,Zuoying,9:20
1607,2,Nangang,7:10
1607,2,Taipei,7:21
1607,2,Banqiao,7:29
1607,2,Taoyuan,7:43
1607,2,Hsinchu,7:56
1607,2,Taichung,8:25
1607,2,Chiayi,8:50
1607,2,Tainan,9:07
1607,2,Zuoying,9:20
1607,3,Nangang,7:10
1607,3,Taipei,7:21
1607,3,Banqiao,7:29
1607,3,Taoyuan,7:43
1607,3,Hsinchu,7:56
1607,3,Taichung,8:25
1607,3,Chiayi,8:50
1607,3,Tainan,9:07
1607,3,Zuoying,9:20
1607,4,Nangang,7:10
1607,4,Taipei,7:21
1607,4,Banqiao,7:29
1607,4,Taoyuan,7:43
1607,4,Hsinchu,7:56
1607,4,Taichung,8:25
1607,4,Chiayi,8:50
1607,4,Tainan,9:07
1607,4,Zuoying,9:20
1607,5,Nangang,7:10
1607,5,Taipei,7:21
1607,5,Banqiao,7:29
1607,5,Taoyuan,7:43
1607,5,Hsinchu,7:56
1607,5,Taichung,8:25
1607,5,Chiayi,8:50
1607,5,Tainan,9:07
1607,5,Zuoying,9:20
1607,6,Nangang,7:10
1607,6,Taipei,7:21
1607,6,Banqiao,7:29
1607,6,Taoyuan,7:43
1607,6,Hsinchu,7:56
1607,6,Taichung,8:25
1607,6,Chiayi,8:50
1607,6,Tainan,9:07
1607,6,Zuoying,9:20
1607,7,Nangang,7:10
1607,7,Taipei,7:21
1607,7,Banqiao,7:29
1607,7,Taoyuan,7:43
1607,7,Hsinchu,7:56
1607,7,Taichung,8:25
1607,7,Chiayi,8:50
1607,7,Tainan,9:07
1607,7,Zuoying,9:20
1631,1,Nangang,11:10
1631,1,Taipei,11:21
1631,1,Banqiao,11:29
1631,1,Taoyuan,11:43
1631,1,Hsinchu,11:56
1631,1,Taichung,12:25
1631,1,Chiayi,12:50
1631,1,Tainan,13:07
1631,1,Zuoying,13:20
1631,2,Nangang,11:10
1631,2,Taipei,11:21
1631,2,Banqiao,11:29
1631,2,Taoyuan,11:43
1631,2,Hsinchu,11:56
1631,2,Taichung,12:25
1631,2,Chiayi,12:50
1631,2,Tainan,13:07
1631,2,Zuoying,13:20
1631,3,Nangang,11:10
1631,3,Taipei,11:21
1631,3,Banqiao,11:29
1631,3,Taoyuan,11:43
1631,3,Hsinchu,11:56
1631,3,Taichung,12:25
1631,3,Chiayi,12:50
1631,3,Tainan,13:07
1631,3,Zuoying,13:20
1631,4,Nangang,11:10
1631,4,Taipei,11:21
1631,4,Banqiao,11:29
1631,4,Taoyuan,11:43
1631,4,Hsinchu,11:56
1631,4,Taichung,12:25
1631,4,Chiayi,12:50
1631,4,Tainan,13:07
1631,4,Zuoying,13:20
1631,5,Nangang,11:10
1631,5,Taipei,11:21
1631,5,Banqiao,11:29
1631,5,Taoyuan,11:43
1631,5,Hsinchu,11:56
1631,5,Taichung,12:25
1631,5,Chiayi,12:50
1631,5,Tainan,13:07
1631,5,Zuoying,13:20
1637,1,Nangang,12:10
1637,1,Taipei,12:21
1637,1,Banqiao,12:29
1637,1,Taoyuan,12:43
1637,1,Hsinchu,12:56
1637,1,Taichung,13:25
1637,1,Chiayi,13:50
1637,1,Tainan,14:07
1637,1,Zuoying,14:20
1637,2,Nangang,12:10
1637,2,Taipei,12:21
1637,2,Banqiao,12:29
1637,2,Taoyuan,12:43
1637,2,Hsinchu,12:56
1637,2,Taichung,13:25
1637,2,Chiayi,13:50
1637,2,Tainan,14:07
1637,2,Zuoying,14:20
1637,3,Nangang,12:10
1637,3,Taipei,12:21
1637,3,Banqiao,12:29
1637,3,Taoyuan,12:43
1637,3,Hsinchu,12:56
1637,3,Taichung,13:25
1637,3,Chiayi,13:50
1637,3,Tainan,14:07
1637,3,Zuoying,14:20
1637,4,Nangang,12:10
1637,4,Taipei,12:21
1637,4,Banqiao,12:29
1637,4,Taoyuan,12:43
1637,4,Hsinchu,12:56
1637,4,Taichung,13:25
1637,4,Chiayi,13:50
1637,4,Tainan,14:07
1637,4,Zuoying,14:20
1637,5,Nangang,12:10
1637,5,Taipei,12:21
1637,5,Banqiao,12:29
1637,5,Taoyuan,12:43
1637,5,Hsinchu,12:56
1637,5,Taichung,13:25
1637,5,Chiayi,13:50
1637,5,Tainan,14:07
1637,5,Zuoying,14:20
1643,1,Nangang,13:10
1643,1,Taipei,13:21
1643,1,Banqiao,13:29
1643,1,Taoyuan,13:43
1643,1,Hsinchu,13:56
1643,1,Taichung,14:25
1643,1,Chiayi,14:50
1643,1,Tainan,15:07
1643,1,Zuoying,15:20
1643,2,Nangang,13:10
1643,2,Taipei,13:21
1643,2,Banqiao,13:29
1643,2,Taoyuan,13:43
1643,2,Hsinchu,13:56
1643,2,Taichung,14:25
1643,2,Chiayi,14:50
1643,2,Tainan,15:07
1643,2,Zuoying,15:20
1643,4,Nangang,13:10
1643,4,Taipei,13:21
1643,4,Banqiao,13:29
1643,4,Taoyuan,13:43
1643,4,Hsinchu,13:56
1643,4,Taichung,14:25
1643,4,Chiayi,14:50
1643,4,Tainan,15:07
1643,4,Zuoying,15:20
1643,5,Nangang,13:10
1643,5,Taipei,13:21
1643,5,Banqiao,13:29
1643,5,Taoyuan,13:43
1643,5,Hsinchu,13:56
1643,5,Taichung,14:25
1643,5,Chiayi,14:50
1643,5,Tainan,15:07
1643,5,Zuoying,15:20
1643,6,Nangang,13:10
1643,6,Taipei,13:21
1643,6,Banqiao,13:29
1643,6,Taoyuan,13:43
1643,6,Hsinchu,13:56
1643,6,Taichung,14:25
1643,6,Chiayi,14:50
1643,6,Tainan,15:07
1643,6,Zuoying,15:20
1643,7,Nangang,13:10
1643,7,Taipei,13:21
1643,7,Banqiao,13:29
1643,7,Taoyuan,13:43
1643,7,Hsinchu,13:56
1643,7,Taichung,14:25
1643,7,Chiayi,14:50
1643,7,Tainan,15:07
1643,7,Zuoying,15:20
1649,1,Nangang,14:10
1649,1,Taipei,14:21
1649,1,Banqiao,14:29
1649,1,Taoyuan,14:43
1649,1,Hsinchu,14:56
1649,1,Taichung,15:25
1649,1,Chiayi,15:50
1649,1,Tainan,16:07
1649,1,Zuoying,16:20
1649,3,Nangang,14:10
1649,3,Taipei,14:21
1649,3,Banqiao,14:29
1649,3,Taoyuan,14:43
1649,3,Hsinchu,14:56
1649,3,Taichung,15:25
1649,3,Chiayi,15:50
1649,3,Tainan,16:07
1649,3,Zuoying,16:20
1649,5,Nangang,14:10
1649,5,Taipei,14:21
1649,5,Banqiao,14:29
1649,5,Taoyuan,14:43
1649,5,Hsinchu,14:56
1649,5,Taichung,15:25
1649,5,Chiayi,15:50
1649,5,Tainan,16:07
1649,5,Zuoying,16:20
1655,6,Nangang,15:10
1655,6,Taipei,15:21
1655,6,Banqiao,15:29
1655,6,Taoyuan,15:43
1655,6,Hsinchu,15:56
1655,6,Taichung,16:25
1655,6,Chiayi,16:50
1655,6,Tainan,17:07
1655,6,Zuoying,17:20
1655,7,Nangang,15:10
1655,7,Taipei,15:21
1655,7,Banqiao,15:29
1655,7,Taoyuan,15:43
1655,7,Hsinchu,15:56
1655,7,Taichung,16:25
1655,7,Chiayi,16:50
1655,7,Tainan,17:07
1655,7,Zuoying,17:20
1679,6,Nangang,19:10
1679,6,Taipei,19:21
1679,6,Banqiao,19:29
1679,6,Taoyuan,19:43
1679,6,Hsinchu,19:56
1679,6,Taichung,20:25
1679,6,Chiayi,20:50
1679,6,Tainan,21:07
1679,6,Zuoying,21:20
1679,7,Nangang,19:10
1679,7,Taipei,19:21
1679,7,Banqiao,19:29
1679,7,Taoyuan,19:43
1679,7,Hsinchu,19:56
1679,7,Taichung,20:25
1679,7,Chiayi,20:50
1679,7,Tainan,21:07
1679,7,Zuoying,21:20
1685,5,Nangang,20:10
1685,5,Taipei,20:21
1685,5,Banqiao,20:29
1685,5,Taoyuan,20:43
1685,5,Hsinchu,20:56
1685,5,Taichung,21:25
1685,5,Chiayi,21:50
1685,5,Tainan,22:07
1685,5,Zuoying,22:20
1685,6,Nangang,20:10
1685,6,Taipei,20:21
1685,6,Banqiao,20:29
1685,6,Taoyuan,20:43
1685,6,Hsinchu,20:56
1685,6,Taichung,21:25
1685,6,Chiayi,21:50
1685,6,Tainan,22:07
1685,6,Zuoying,22:20
1685,7,Nangang,20:10
1685,7,Taipei,20:21
1685,7,Banqiao,20:29
1685,7,Taoyuan,20:43
1685,7,Hsinchu,20:56
1685,7,Taichung,21:25
1685,7,Chiayi,21:50
1685,7,Tainan,22:07
1685,7,Zuoying,22:20
1691,1,Nangang,21:10
1691,1,Taipei,21:21
1691,1,Banqiao,21:29
1691,1,Taoyuan,21:43
1691,1,Hsinchu,21:56
1691,1,Taichung,22:25
1691,1,Chiayi,22:50
1691,1,Tainan,23:07
1691,1,Zuoying,23:20
1691,2,Nangang,21:10
1691,2,Taipei,21:21
1691,2,Banqiao,21:29
1691,2,Taoyuan,21:43
1691,2,Hsinchu,21:56
1691,2,Taichung,22:25
1691,2,Chiayi,22:50
1691,2,Tainan,23:07
1691,2,Zuoying,23:20
1691,3,Nangang,21:10
1691,3,Taipei,21:21
1691,3,Banqiao,21:29
1691,3,Taoyuan,21:43
1691,3,Hsinchu,21:56
1691,3,Taichung,22:25
1691,3,Chiayi,22:50
1691,3,Tainan,23:07
1691,3,Zuoying,23:20
1691,4,Nangang,21:10
1691,4,Taipei,21:21
1691,4,Banqiao,21:29
1691,4,Taoyuan,21:43
1691,4,Hsinchu,21:56
1691,4,Taichung,22:25
1691,4,Chiayi,22:50
1691,4,Tainan,23:07
1691,4,Zuoying,23:20
1691,5,Nangang,21:10
1691,5,Taipei,21:21
1691,5,Banqiao,21:29
1691,5,Taoyuan,21:43
1691,5,Hsinchu,21:56
1691,5,Taichung,22:25
1691,5,Chiayi,22:50
1691,5,Tainan,23:07
1691,5,Zuoying,23:20
1691,6,Nangang,21:10
1691,6,Taipei,21:21
1691,6,Banqiao,21:29
1691,6,Taoyuan,21:43
1691,6,Hsinchu,21:56
1691,6,Taichung,22:25
1691,6,Chiayi,22:50
1691,6,Tainan,23:07
1691,6,Zuoying,23:20
1691,7,Nangang,21:10
1691,7,Taipei,21:21
1691,7,Banqiao,21:29
1691,7,Taoyuan,21:43
1691,7,Hsinchu,21:56
1691,7,Taichung,22:25
1691,7,Chiayi,22:50
1691,7,Tainan,23:07
1691,7,Zuoying,23:20
